año,country_name,n_jugadores,valor_total,valor_medio,edad_media,iso2
2012,Spain,362,1672850000.0,4920147.05882353,25.740331491712706,ES
2012,France,298,1075650000.0,3883212.9963898915,26.164429530201343,FR
2012,Italy,281,972300000.0,3484946.2365591396,27.28825622775801,IT
2012,Germany,227,1014050000.0,4588461.538461538,24.422018348623855,DE
2012,England,177,987325000.0,5912125.748502994,25.96045197740113,GB
2012,Brazil,120,719900000.0,6049579.831932773,26.891666666666666,BR
2012,Argentina,105,753000000.0,7382352.94117647,26.961904761904762,AR
2012,Portugal,44,322250000.0,7494186.046511628,26.59090909090909,PT
2012,Senegal,39,113700000.0,2992105.263157895,24.46153846153846,SN
2012,Uruguay,35,189150000.0,5404285.714285715,25.62857142857143,UY
2012,Cameroon,30,130400000.0,4657142.857142857,24.166666666666668,CM
2012,Cote d'Ivoire,30,135250000.0,4663793.1034482755,25.333333333333332,CI
2012,Ireland,29,71500000.0,2648148.1481481483,26.655172413793103,IE
2012,Netherlands,29,264000000.0,10153846.153846154,26.03448275862069,NL
2012,Serbia,29,142450000.0,4912068.9655172415,25.379310344827587,RS
2012,Algeria,27,48500000.0,1940000.0,23.296296296296298,DZ
2012,Belgium,26,231850000.0,9274000.0,25.03846153846154,BE
2012,Chile,25,151400000.0,6881818.181818182,25.52,CL
2012,Mali,25,46050000.0,1918750.0,24.6,ML
2012,Switzerland,23,112500000.0,4891304.347826087,24.045454545454547,CH
2012,Croatia,22,122400000.0,5828571.428571428,25.0,HR
2012,Ghana,22,107600000.0,4890909.090909091,22.954545454545453,GH
2012,Morocco,22,83900000.0,3995238.095238095,24.954545454545453,MA
2012,Denmark,21,72200000.0,3438095.238095238,26.142857142857142,DK
2012,Poland,20,96150000.0,5060526.315789473,24.7,PL
2012,Scotland,20,82000000.0,4315789.47368421,26.15,GB
2012,Austria,19,69550000.0,3660526.3157894737,25.166666666666668,AT
2012,Colombia,19,132450000.0,6971052.631578947,26.05263157894737,CO
2012,Czech Republic,19,72450000.0,3813157.8947368423,28.842105263157894,CZ
2012,Sweden,19,79200000.0,4168421.052631579,25.68421052631579,SE
2012,Nigeria,18,74525000.0,4383823.529411765,24.666666666666668,NG
2012,Greece,17,60900000.0,3582352.9411764704,26.529411764705884,GR
2012,Japan,16,69050000.0,4315625.0,23.4,JP
2012,United States,16,55350000.0,3459375.0,27.9375,US
2012,Tunisia,15,27725000.0,1848333.3333333333,25.266666666666666,TN
2012,Romania,14,34300000.0,2450000.0,26.428571428571427,RO
2012,Wales,14,96500000.0,6892857.142857143,25.928571428571427,GB
2012,DR Congo,13,22150000.0,1845833.3333333333,24.23076923076923,CD
2012,Guinea,13,16650000.0,1665000.0,22.153846153846153,GN
2012,Bosnia-Herzegovina,11,76350000.0,6940909.090909091,25.545454545454547,BA
2012,Slovakia,11,57050000.0,5705000.0,25.90909090909091,SK
2012,Northern Ireland,10,30400000.0,3040000.0,27.6,GB
2012,Norway,10,35850000.0,3585000.0,26.2,NO
2012,Australia,9,16250000.0,1805555.5555555555,27.22222222222222,AU
2012,Hungary,9,16650000.0,2081250.0,26.555555555555557,HU
2012,Israel,9,18800000.0,2088888.888888889,27.77777777777778,IL
2012,Burkina Faso,8,23600000.0,2950000.0,24.0,BF
2012,"Korea, South",8,29075000.0,4153571.4285714286,24.375,KR
2012,Mexico,8,57500000.0,7187500.0,25.0,MX
2012,Togo,8,25850000.0,3231250.0,25.875,TG
2012,Venezuela,8,24900000.0,3112500.0,25.25,VE
2012,Gabon,7,14250000.0,2375000.0,21.142857142857142,GA
2012,Montenegro,7,61800000.0,8828571.42857143,26.857142857142858,ME
2012,Peru,7,34000000.0,6800000.0,26.285714285714285,PE
2012,Slovenia,7,15950000.0,2278571.4285714286,24.142857142857142,SI
2012,Albania,6,9500000.0,1900000.0,27.166666666666668,AL
2012,Comoros,6,8250000.0,1650000.0,21.666666666666668,KM
2012,Jamaica,6,10450000.0,1741666.6666666667,25.666666666666668,JM
2012,Paraguay,6,19500000.0,3250000.0,27.666666666666668,PY
2012,Costa Rica,5,17800000.0,3560000.0,24.8,CR
2012,North Macedonia,5,17250000.0,3450000.0,30.0,MK
2012,Angola,4,3200000.0,800000.0,23.75,AO
2012,Canada,4,13500000.0,3375000.0,26.0,CA
2012,Cape Verde,4,6250000.0,2083333.3333333333,24.0,CV
2012,Equatorial Guinea,4,7100000.0,1775000.0,24.25,GQ
2012,Finland,4,7300000.0,1825000.0,26.5,FI
2012,Russia,4,23000000.0,5750000.0,26.5,RU
2012,Sierra Leone,4,8500000.0,2125000.0,25.0,SL
2012,Bulgaria,3,11000000.0,5500000.0,30.333333333333332,BG
2012,Central African Republic,3,4900000.0,2450000.0,22.333333333333332,CF
2012,Curacao,3,10500000.0,3500000.0,24.0,CW
2012,Haiti,3,2750000.0,916666.6666666666,23.0,HT
2012,Honduras,3,11000000.0,5500000.0,27.666666666666668,HN
2012,Mauritania,3,800000.0,266666.6666666667,20.0,MR
2012,Türkiye,3,6600000.0,2200000.0,21.0,TR
2012,Barbados,2,2000000.0,1000000.0,28.0,BB
2012,Benin,2,14900000.0,7450000.0,25.5,BJ
2012,Congo,2,13400000.0,6700000.0,30.5,CG
2012,Egypt,2,4500000.0,2250000.0,23.0,EG
2012,Iceland,2,10800000.0,5400000.0,23.5,IS
2012,Iran,2,6500000.0,3250000.0,27.0,IR
2012,Kenya,2,8500000.0,4250000.0,26.0,KE
2012,Kosovo,2,3900000.0,1950000.0,22.0,XK
2012,Latvia,2,5000000.0,2500000.0,27.5,LV
2012,Madagascar,2,3000000.0,3000000.0,22.0,MG
2012,New Zealand,2,4250000.0,2125000.0,29.5,NZ
2012,Ukraine,2,6000000.0,3000000.0,33.0,UA
2012,Belarus,1,2250000.0,2250000.0,25.0,BY
2012,Burundi,1,1500000.0,1500000.0,19.0,BI
2012,Ecuador,1,27500000.0,27500000.0,27.0,EC
2012,Estonia,1,1500000.0,1500000.0,27.0,EE
2012,Guinea-Bissau,1,1500000.0,1500000.0,26.0,GW
2012,Guyana,1,1500000.0,1500000.0,21.0,GY
2012,Indonesia,1,2000000.0,2000000.0,20.0,ID
2012,Kazakhstan,1,1750000.0,1750000.0,27.0,KZ
2012,Lithuania,1,750000.0,750000.0,31.0,LT
2012,Malaysia,1,900000.0,900000.0,26.0,MY
2012,Mauritius,1,1000000.0,1000000.0,20.0,MU
2012,Mozambique,1,1500000.0,1500000.0,24.0,MZ
2012,Oman,1,5000000.0,5000000.0,31.0,OM
2012,Philippines,1,2000000.0,2000000.0,26.0,PH
2012,Qatar,1,2000000.0,2000000.0,22.0,QA
2012,South Africa,1,5500000.0,5500000.0,30.0,ZA
2012,The Gambia,1,0.0,,18.0,GM
2012,Trinidad and Tobago,1,5000000.0,5000000.0,28.0,TT
2012,Zambia,1,4000000.0,4000000.0,22.0,ZM
2012,Zimbabwe,1,1500000.0,1500000.0,22.0,ZW
2013,Spain,362,1754300000.0,5190236.686390532,25.917127071823206,ES
2013,France,285,1069625000.0,4036320.754716981,25.964912280701753,FR
2013,Italy,276,1014275000.0,3701733.576642336,27.108695652173914,IT
2013,Germany,253,1173450000.0,4731653.225806451,24.60816326530612,DE
2013,England,163,910700000.0,5952287.581699346,25.570552147239265,GB
2013,Brazil,111,814675000.0,7613785.046728972,26.47747747747748,BR
2013,Argentina,106,726250000.0,7262500.0,26.952830188679247,AR
2013,Senegal,41,126850000.0,3093902.43902439,24.634146341463413,SN
2013,Portugal,40,285400000.0,7510526.315789473,26.3,PT
2013,Cote d'Ivoire,33,152150000.0,4754687.5,25.151515151515152,CI
2013,Uruguay,32,214450000.0,6701562.5,25.5625,UY
2013,Netherlands,31,257250000.0,8575000.0,26.096774193548388,NL
2013,Serbia,31,172450000.0,5748333.333333333,25.387096774193548,RS
2013,Colombia,30,230100000.0,7934482.75862069,25.233333333333334,CO
2013,Belgium,29,330000000.0,11379310.344827587,24.24137931034483,BE
2013,Switzerland,29,151900000.0,5425000.0,24.82758620689655,CH
2013,Mali,27,36450000.0,1518750.0,24.85185185185185,ML
2013,Algeria,26,65400000.0,3114285.714285714,24.307692307692307,DZ
2013,Cameroon,26,108850000.0,4354000.0,24.153846153846153,CM
2013,Ireland,26,87250000.0,3355769.230769231,27.076923076923077,IE
2013,Croatia,25,161100000.0,6712500.0,24.36,HR
2013,Morocco,24,73300000.0,3331818.1818181816,24.625,MA
2013,Poland,24,133275000.0,5553125.0,24.125,PL
2013,Czech Republic,23,87600000.0,3808695.652173913,26.91304347826087,CZ
2013,Denmark,22,95300000.0,4331818.181818182,25.772727272727273,DK
2013,Romania,22,56300000.0,2559090.909090909,25.363636363636363,RO
2013,Sweden,22,85875000.0,4089285.714285714,26.59090909090909,SE
2013,Ghana,21,95250000.0,4762500.0,23.61904761904762,GH
2013,Scotland,20,65700000.0,3285000.0,27.3,GB
2013,Wales,20,146700000.0,8150000.0,26.1,GB
2013,Chile,19,130500000.0,7676470.588235294,26.42105263157895,CL
2013,Greece,18,62050000.0,3447222.222222222,25.5,GR
2013,Nigeria,17,84800000.0,4988235.294117647,26.11764705882353,NG
2013,Austria,16,78300000.0,5220000.0,25.75,AT
2013,DR Congo,15,34700000.0,2478571.4285714286,23.533333333333335,CD
2013,Norway,15,33800000.0,2414285.714285714,25.133333333333333,NO
2013,United States,15,54850000.0,3656666.6666666665,27.866666666666667,US
2013,Tunisia,14,27600000.0,1971428.5714285714,23.857142857142858,TN
2013,Guinea,13,20550000.0,2055000.0,21.923076923076923,GN
2013,Japan,13,91500000.0,7038461.538461538,24.916666666666668,JP
2013,Bosnia-Herzegovina,12,89650000.0,7470833.333333333,25.75,BA
2013,"Korea, South",9,30950000.0,3438888.888888889,22.555555555555557,KR
2013,Mexico,9,75500000.0,8388888.888888888,25.333333333333332,MX
2013,Paraguay,9,19600000.0,2177777.777777778,25.11111111111111,PY
2013,Slovakia,9,66350000.0,7372222.222222222,25.666666666666668,SK
2013,Slovenia,9,21350000.0,2372222.222222222,26.0,SI
2013,Togo,9,23550000.0,2616666.6666666665,26.555555555555557,TG
2013,Venezuela,9,20500000.0,2277777.777777778,27.22222222222222,VE
2013,Burkina Faso,7,20300000.0,2900000.0,24.285714285714285,BF
2013,Montenegro,7,66000000.0,9428571.42857143,25.142857142857142,ME
2013,Northern Ireland,7,30000000.0,4285714.285714285,30.142857142857142,GB
2013,Australia,6,9050000.0,1810000.0,27.166666666666668,AU
2013,Gabon,6,25800000.0,4300000.0,22.5,GA
2013,Peru,6,29500000.0,4916666.666666667,26.666666666666668,PE
2013,Türkiye,6,15400000.0,2566666.6666666665,20.5,TR
2013,Comoros,5,9700000.0,1940000.0,22.6,KM
2013,Costa Rica,5,18750000.0,3750000.0,25.4,CR
2013,Israel,5,6500000.0,1625000.0,25.6,IL
2013,Albania,4,7000000.0,1750000.0,26.5,AL
2013,Benin,4,8900000.0,2225000.0,24.25,BJ
2013,Cape Verde,4,7500000.0,1875000.0,22.75,CV
2013,Congo,4,7500000.0,1875000.0,24.5,CG
2013,Egypt,4,14300000.0,3575000.0,24.5,EG
2013,Iceland,4,14800000.0,3700000.0,25.5,IS
2013,Jamaica,4,5750000.0,1916666.6666666667,22.75,JM
2013,Madagascar,4,3600000.0,1800000.0,21.5,MG
2013,North Macedonia,4,15000000.0,3750000.0,29.5,MK
2013,Bulgaria,3,11000000.0,3666666.6666666665,25.0,BG
2013,Central African Republic,3,18900000.0,6300000.0,23.333333333333332,CF
2013,Finland,3,6000000.0,2000000.0,29.333333333333332,FI
2013,Hungary,3,11000000.0,3666666.6666666665,30.0,HU
2013,Mauritania,3,1200000.0,600000.0,20.666666666666668,MR
2013,Russia,3,17000000.0,5666666.666666667,23.666666666666668,RU
2013,Zambia,3,2500000.0,2500000.0,23.333333333333332,ZM
2013,Canada,2,2250000.0,1125000.0,26.5,CA
2013,Curacao,2,8500000.0,4250000.0,23.0,CW
2013,Ecuador,2,20000000.0,10000000.0,23.0,EC
2013,Guinea-Bissau,2,1500000.0,1500000.0,23.5,GW
2013,Haiti,2,2550000.0,1275000.0,25.5,HT
2013,Honduras,2,5500000.0,2750000.0,29.5,HN
2013,Iran,2,4300000.0,2150000.0,26.0,IR
2013,Kenya,2,15000000.0,7500000.0,25.0,KE
2013,South Africa,2,6500000.0,3250000.0,30.0,ZA
2013,Ukraine,2,2000000.0,2000000.0,23.0,UA
2013,Angola,1,2500000.0,2500000.0,30.0,AO
2013,Armenia,1,26000000.0,26000000.0,24.0,AM
2013,Burundi,1,1500000.0,1500000.0,20.0,BI
2013,Cyprus,1,2500000.0,2500000.0,26.0,CY
2013,Dominican Republic,1,500000.0,500000.0,26.0,DO
2013,Equatorial Guinea,1,9000000.0,9000000.0,21.0,GQ
2013,Estonia,1,2000000.0,2000000.0,28.0,EE
2013,Georgia,1,400000.0,400000.0,36.0,GE
2013,Guyana,1,1500000.0,1500000.0,22.0,GY
2013,Indonesia,1,3000000.0,3000000.0,21.0,ID
2013,Iraq,1,2500000.0,2500000.0,23.0,IQ
2013,Kosovo,1,75000.0,75000.0,17.0,XK
2013,Latvia,1,5000000.0,5000000.0,25.0,LV
2013,Mauritius,1,2500000.0,2500000.0,21.0,MU
2013,Mozambique,1,800000.0,800000.0,25.0,MZ
2013,New Zealand,1,6500000.0,6500000.0,25.0,NZ
2013,Panama,1,400000.0,400000.0,19.0,PA
2013,Philippines,1,1000000.0,1000000.0,27.0,PH
2013,Qatar,1,4000000.0,4000000.0,23.0,QA
2013,Sierra Leone,1,9000000.0,9000000.0,22.0,SL
2013,The Gambia,1,500000.0,500000.0,18.0,GM
2013,Trinidad and Tobago,1,4000000.0,4000000.0,29.0,TT
2013,Uganda,1,125000.0,125000.0,19.0,UG
2014,Spain,328,1549350000.0,5096546.052631579,25.98780487804878,ES
2014,France,274,1104700000.0,4454435.483870967,25.82846715328467,FR
2014,Italy,264,959450000.0,3648098.8593155895,27.045454545454547,IT
2014,Germany,216,1249975000.0,5841004.672897196,24.701421800947866,DE
2014,England,166,863500000.0,5914383.561643835,25.734939759036145,GB
2014,Argentina,104,752550000.0,7601515.151515151,26.884615384615383,AR
2014,Brazil,99,813700000.0,8388659.793814434,25.98989898989899,BR
2014,Senegal,44,157000000.0,3738095.238095238,25.363636363636363,SN
2014,Portugal,40,300800000.0,7520000.0,26.075,PT
2014,Cote d'Ivoire,38,179650000.0,4990277.777777778,25.736842105263158,CI
2014,Serbia,36,194450000.0,5719117.647058823,25.97222222222222,RS
2014,Belgium,32,377450000.0,11795312.5,24.5,BE
2014,Switzerland,30,170500000.0,5683333.333333333,25.433333333333334,CH
2014,Netherlands,29,210000000.0,7500000.0,26.96551724137931,NL
2014,Morocco,28,100450000.0,3863461.5384615385,25.142857142857142,MA
2014,Algeria,25,65475000.0,2728125.0,24.04,DZ
2014,Croatia,25,203600000.0,8144000.0,24.76,HR
2014,Colombia,24,257100000.0,10712500.0,25.458333333333332,CO
2014,Uruguay,24,197100000.0,8212500.0,24.875,UY
2014,Denmark,23,76700000.0,3334782.6086956523,25.043478260869566,DK
2014,Ghana,23,93150000.0,4234090.909090909,23.26086956521739,GH
2014,Mali,23,27750000.0,1387500.0,24.08695652173913,ML
2014,Ireland,22,76750000.0,3654761.904761905,28.181818181818183,IE
2014,Poland,21,135500000.0,6452380.952380952,26.38095238095238,PL
2014,DR Congo,20,41350000.0,2176315.789473684,23.55,CD
2014,Cameroon,19,101800000.0,5357894.736842105,26.157894736842106,CM
2014,Chile,19,151450000.0,7971052.631578947,27.263157894736842,CL
2014,Wales,18,156000000.0,9750000.0,24.833333333333332,GB
2014,Bosnia-Herzegovina,17,118200000.0,6952941.176470588,26.470588235294116,BA
2014,Japan,17,86650000.0,5097058.823529412,25.25,JP
2014,Nigeria,17,68500000.0,4566666.666666667,25.88235294117647,NG
2014,Scotland,17,62500000.0,3906250.0,26.823529411764707,GB
2014,Austria,15,74000000.0,4933333.333333333,26.733333333333334,AT
2014,Greece,13,60600000.0,4661538.461538462,26.923076923076923,GR
2014,Slovenia,13,32150000.0,2473076.923076923,25.46153846153846,SI
2014,Tunisia,13,31350000.0,2612500.0,24.846153846153847,TN
2014,United States,13,31750000.0,2645833.3333333335,24.53846153846154,US
2014,Czech Republic,12,39500000.0,3291666.6666666665,29.416666666666668,CZ
2014,Guinea,12,17800000.0,1483333.3333333333,22.333333333333332,GN
2014,Sweden,12,55350000.0,4612500.0,26.666666666666668,SE
2014,Romania,11,43900000.0,4390000.0,24.636363636363637,RO
2014,Gabon,10,30150000.0,3015000.0,22.8,GA
2014,Costa Rica,9,31625000.0,3513888.888888889,25.0,CR
2014,"Korea, South",9,35750000.0,3972222.222222222,24.333333333333332,KR
2014,Norway,9,25100000.0,2788888.888888889,24.22222222222222,NO
2014,Paraguay,9,22500000.0,2812500.0,28.11111111111111,PY
2014,Venezuela,9,14550000.0,1818750.0,24.666666666666668,VE
2014,Slovakia,8,61175000.0,7646875.0,26.25,SK
2014,Albania,7,13500000.0,1928571.4285714286,26.285714285714285,AL
2014,Australia,7,11500000.0,1642857.142857143,28.571428571428573,AU
2014,Burkina Faso,7,11300000.0,1614285.7142857143,24.285714285714285,BF
2014,Northern Ireland,7,22750000.0,3250000.0,28.714285714285715,GB
2014,Cape Verde,6,13850000.0,2308333.3333333335,24.166666666666668,CV
2014,Togo,6,18500000.0,3083333.3333333335,28.666666666666668,TG
2014,Türkiye,6,50000000.0,8333333.333333333,21.5,TR
2014,Benin,5,8150000.0,2037500.0,23.8,BJ
2014,Comoros,5,8000000.0,1600000.0,23.6,KM
2014,Congo,5,6750000.0,1687500.0,24.2,CG
2014,Ecuador,5,36500000.0,7300000.0,24.8,EC
2014,Montenegro,5,42300000.0,8460000.0,23.8,ME
2014,Peru,5,30250000.0,6050000.0,28.6,PE
2014,Haiti,4,3500000.0,875000.0,27.5,HT
2014,Iceland,4,21400000.0,5350000.0,25.25,IS
2014,Jamaica,4,10500000.0,2625000.0,25.0,JM
2014,Madagascar,4,4750000.0,1583333.3333333333,25.0,MG
2014,Mexico,4,42000000.0,10500000.0,25.25,MX
2014,North Macedonia,4,2900000.0,725000.0,24.5,MK
2014,Angola,3,6300000.0,2100000.0,24.0,AO
2014,Central African Republic,3,17500000.0,8750000.0,24.0,CF
2014,Curacao,3,9000000.0,4500000.0,22.666666666666668,CW
2014,Israel,3,5000000.0,1666666.6666666667,27.0,IL
2014,Mauritania,3,650000.0,216666.66666666666,20.0,MR
2014,Mozambique,3,5600000.0,1866666.6666666667,24.333333333333332,MZ
2014,New Zealand,3,7250000.0,3625000.0,22.666666666666668,NZ
2014,Armenia,2,26150000.0,13075000.0,22.0,AM
2014,Bulgaria,2,5000000.0,2500000.0,27.0,BG
2014,Canada,2,6500000.0,3250000.0,26.0,CA
2014,Egypt,2,16500000.0,8250000.0,24.5,EG
2014,Finland,2,3500000.0,1750000.0,33.5,FI
2014,Hungary,2,7700000.0,3850000.0,26.5,HU
2014,Kenya,2,15000000.0,7500000.0,25.0,KE
2014,Kosovo,2,3500000.0,1750000.0,27.0,XK
2014,Latvia,2,2775000.0,1387500.0,22.5,LV
2014,Qatar,2,8500000.0,4250000.0,23.5,QA
2014,Russia,2,11000000.0,5500000.0,25.0,RU
2014,The Gambia,2,250000.0,250000.0,20.0,GM
2014,Azerbaijan,1,300000.0,300000.0,22.0,AZ
2014,Belarus,1,2000000.0,2000000.0,28.0,BY
2014,Burundi,1,5000000.0,5000000.0,21.0,BI
2014,China,1,0.0,,20.0,CN
2014,Cyprus,1,1500000.0,1500000.0,27.0,CY
2014,Equatorial Guinea,1,8000000.0,8000000.0,22.0,GQ
2014,Estonia,1,2500000.0,2500000.0,29.0,EE
2014,Georgia,1,300000.0,300000.0,24.0,GE
2014,Guinea-Bissau,1,1000000.0,1000000.0,28.0,GW
2014,Honduras,1,3000000.0,3000000.0,31.0,HN
2014,Indonesia,1,3000000.0,3000000.0,22.0,ID
2014,Iraq,1,1500000.0,1500000.0,24.0,IQ
2014,Lithuania,1,300000.0,300000.0,33.0,LT
2014,Luxembourg,1,250000.0,250000.0,20.0,LU
2014,Mauritius,1,3000000.0,3000000.0,22.0,MU
2014,Moldova,1,2000000.0,2000000.0,24.0,MD
2014,Sierra Leone,1,7500000.0,7500000.0,23.0,SL
2014,South Africa,1,3000000.0,3000000.0,32.0,ZA
2014,Syria,1,600000.0,600000.0,18.0,SY
2014,Thailand,1,1000000.0,1000000.0,26.0,TH
2014,Uganda,1,100000.0,100000.0,20.0,UG
2014,Ukraine,1,250000.0,250000.0,20.0,UA
2014,Zambia,1,2000000.0,2000000.0,24.0,ZM
2014,Zimbabwe,1,250000.0,250000.0,18.0,ZW
2015,Spain,360,1906200000.0,5741566.265060241,25.913888888888888,ES
2015,France,322,1256600000.0,4216778.5234899325,25.838509316770185,FR
2015,Italy,257,922100000.0,3587937.7431906615,27.058365758754864,IT
2015,Germany,226,1276400000.0,5749549.54954955,24.690582959641254,DE
2015,England,171,1027750000.0,6991496.598639456,24.95906432748538,GB
2015,Brazil,115,1037500000.0,9100877.192982456,26.382608695652173,BR
2015,Argentina,91,848150000.0,9423888.888888888,27.35164835164835,AR
2015,Senegal,43,183700000.0,4373809.523809524,25.53488372093023,SN
2015,Serbia,42,211625000.0,5038690.476190476,24.976190476190474,RS
2015,Netherlands,40,290000000.0,7435897.435897436,26.1,NL
2015,Portugal,39,325900000.0,8576315.789473685,26.333333333333332,PT
2015,Cote d'Ivoire,38,162450000.0,4390540.540540541,25.026315789473685,CI
2015,Switzerland,37,189200000.0,5255555.555555556,25.18918918918919,CH
2015,Belgium,29,461750000.0,16491071.42857143,24.310344827586206,BE
2015,Croatia,29,247650000.0,8539655.172413792,25.482758620689655,HR
2015,Morocco,27,92000000.0,3538461.5384615385,24.77777777777778,MA
2015,Uruguay,27,247900000.0,9534615.384615384,24.22222222222222,UY
2015,Cameroon,26,99000000.0,3960000.0,24.73076923076923,CM
2015,Algeria,25,85500000.0,3562500.0,24.76,DZ
2015,Colombia,24,301500000.0,12562500.0,26.291666666666668,CO
2015,DR Congo,22,86850000.0,4135714.285714286,24.0,CD
2015,Ghana,22,121850000.0,5538636.363636363,22.954545454545453,GH
2015,Ireland,22,81300000.0,4065000.0,27.772727272727273,IE
2015,Mali,22,38500000.0,1833333.3333333333,24.818181818181817,ML
2015,Poland,22,165950000.0,7902380.952380952,27.545454545454547,PL
2015,Sweden,22,67800000.0,3081818.1818181816,25.863636363636363,SE
2015,Austria,21,101150000.0,4816666.666666667,26.61904761904762,AT
2015,Chile,20,183950000.0,9197500.0,27.1,CL
2015,Nigeria,19,64150000.0,3773529.411764706,25.05263157894737,NG
2015,Wales,19,167100000.0,9283333.333333334,25.68421052631579,GB
2015,Bosnia-Herzegovina,17,104050000.0,6120588.235294118,26.58823529411765,BA
2015,Denmark,17,74250000.0,4367647.05882353,25.764705882352942,DK
2015,Scotland,16,48700000.0,3246666.6666666665,27.5,GB
2015,Tunisia,16,33150000.0,2367857.1428571427,25.75,TN
2015,Japan,15,63750000.0,4553571.428571428,26.071428571428573,JP
2015,Slovenia,15,62900000.0,4193333.3333333335,26.666666666666668,SI
2015,United States,15,31600000.0,2257142.8571428573,25.466666666666665,US
2015,Greece,14,70350000.0,5025000.0,26.928571428571427,GR
2015,Guinea,13,26950000.0,2073076.923076923,22.615384615384617,GN
2015,Czech Republic,12,35400000.0,2950000.0,27.416666666666668,CZ
2015,Norway,11,23600000.0,2145454.5454545454,26.363636363636363,NO
2015,Paraguay,10,39500000.0,3950000.0,27.2,PY
2015,Slovakia,10,57900000.0,5790000.0,26.4,SK
2015,Venezuela,10,31500000.0,3150000.0,24.5,VE
2015,Gabon,9,46850000.0,5205555.555555556,22.77777777777778,GA
2015,Albania,8,16100000.0,2012500.0,24.5,AL
2015,Australia,8,20200000.0,3366666.6666666665,25.25,AU
2015,Costa Rica,8,37500000.0,4687500.0,26.875,CR
2015,"Korea, South",8,50000000.0,6250000.0,25.375,KR
2015,Mexico,8,51000000.0,6375000.0,27.5,MX
2015,Türkiye,8,54450000.0,6806250.0,21.875,TR
2015,Jamaica,7,20100000.0,2871428.5714285714,25.0,JM
2015,Northern Ireland,7,24500000.0,3500000.0,28.285714285714285,GB
2015,Romania,7,29200000.0,4171428.5714285714,27.0,RO
2015,Congo,6,8000000.0,1333333.3333333333,24.666666666666668,CG
2015,Ecuador,6,35500000.0,5916666.666666667,26.166666666666668,EC
2015,Hungary,6,8500000.0,1416666.6666666667,25.833333333333332,HU
2015,Togo,6,13000000.0,2166666.6666666665,29.666666666666668,TG
2015,Benin,5,14500000.0,2900000.0,26.4,BJ
2015,Burkina Faso,5,11250000.0,2250000.0,24.0,BF
2015,Cape Verde,5,7150000.0,1430000.0,23.4,CV
2015,Central African Republic,5,28000000.0,7000000.0,24.0,CF
2015,Haiti,5,6500000.0,1625000.0,25.0,HT
2015,Peru,5,11300000.0,2260000.0,28.0,PE
2015,Ukraine,5,30550000.0,6110000.0,23.8,UA
2015,Comoros,4,5750000.0,1437500.0,23.75,KM
2015,Curacao,4,10500000.0,2625000.0,25.5,CW
2015,Iceland,4,21200000.0,5300000.0,27.0,IS
2015,Montenegro,4,32000000.0,8000000.0,26.0,ME
2015,South Africa,4,6650000.0,1662500.0,27.75,ZA
2015,Angola,3,15000000.0,5000000.0,25.0,AO
2015,Finland,3,10500000.0,3500000.0,28.333333333333332,FI
2015,Kosovo,3,900000.0,450000.0,18.666666666666668,XK
2015,Madagascar,3,2000000.0,1000000.0,24.0,MG
2015,Russia,3,18000000.0,6000000.0,25.666666666666668,RU
2015,Armenia,2,25500000.0,12750000.0,25.5,AM
2015,Bulgaria,2,3500000.0,1750000.0,23.5,BG
2015,Burundi,2,16000000.0,8000000.0,25.0,BI
2015,China,2,1350000.0,675000.0,23.5,CN
2015,Egypt,2,24000000.0,12000000.0,23.0,EG
2015,Equatorial Guinea,2,9500000.0,4750000.0,22.5,GQ
2015,Georgia,2,3600000.0,1800000.0,27.0,GE
2015,Iraq,2,3000000.0,1500000.0,23.5,IQ
2015,Mozambique,2,8000000.0,4000000.0,27.0,MZ
2015,North Macedonia,2,3200000.0,1600000.0,27.5,MK
2015,Sierra Leone,2,7600000.0,3800000.0,22.0,SL
2015,The Gambia,2,1650000.0,825000.0,21.0,GM
2015,Azerbaijan,1,500000.0,500000.0,23.0,AZ
2015,Belarus,1,1000000.0,1000000.0,27.0,BY
2015,Chad,1,150000.0,150000.0,22.0,TD
2015,Eritrea,1,1200000.0,1200000.0,31.0,ER
2015,Estonia,1,3500000.0,3500000.0,30.0,EE
2015,Guinea-Bissau,1,250000.0,250000.0,21.0,GW
2015,Indonesia,1,2000000.0,2000000.0,23.0,ID
2015,Israel,1,600000.0,600000.0,27.0,IL
2015,Kazakhstan,1,500000.0,500000.0,27.0,KZ
2015,Kenya,1,15000000.0,15000000.0,24.0,KE
2015,Laos,1,800000.0,800000.0,25.0,LA
2015,Latvia,1,1500000.0,1500000.0,27.0,LV
2015,Liechtenstein,1,600000.0,600000.0,24.0,LI
2015,Lithuania,1,2500000.0,2500000.0,28.0,LT
2015,Mauritius,1,3500000.0,3500000.0,23.0,MU
2015,Moldova,1,2000000.0,2000000.0,25.0,MD
2015,New Zealand,1,9000000.0,9000000.0,27.0,NZ
2015,Qatar,1,3500000.0,3500000.0,24.0,QA
2015,Syria,1,2500000.0,2500000.0,19.0,SY
2015,Uganda,1,500000.0,500000.0,21.0,UG
2015,Zambia,1,1500000.0,1500000.0,26.0,ZM
2015,Zimbabwe,1,1500000.0,1500000.0,19.0,ZW
2016,Spain,354,2018850000.0,5920381.231671554,25.74858757062147,ES
2016,France,310,1509025000.0,5098057.432432433,25.919354838709676,FR
2016,Italy,259,1009400000.0,3942968.75,26.47104247104247,IT
2016,Germany,221,1398300000.0,6443778.801843318,25.1,DE
2016,England,163,1105800000.0,7522448.979591837,25.650306748466257,GB
2016,Brazil,110,1020025000.0,9272954.545454545,26.37272727272727,BR
2016,Argentina,95,1003800000.0,10566315.789473685,27.357894736842105,AR
2016,Senegal,45,230750000.0,5244318.181818182,24.8,SN
2016,Serbia,42,207550000.0,4941666.666666667,25.595238095238095,RS
2016,Belgium,41,552950000.0,13823750.0,24.48780487804878,BE
2016,Portugal,41,429050000.0,10464634.146341464,26.048780487804876,PT
2016,Netherlands,37,313900000.0,8483783.783783784,25.64864864864865,NL
2016,Cote d'Ivoire,36,165600000.0,4731428.571428572,24.02777777777778,CI
2016,Croatia,36,329625000.0,9156250.0,24.27777777777778,HR
2016,Switzerland,35,196575000.0,5616428.571428572,25.942857142857143,CH
2016,Morocco,30,98625000.0,3400862.0689655175,25.1,MA
2016,Sweden,26,72050000.0,2882000.0,25.923076923076923,SE
2016,Uruguay,25,279250000.0,11170000.0,25.04,UY
2016,Algeria,24,135900000.0,5908695.652173913,25.416666666666668,DZ
2016,Ghana,24,127725000.0,5553260.869565218,24.166666666666668,GH
2016,Poland,24,217350000.0,9056250.0,27.208333333333332,PL
2016,Cameroon,23,88400000.0,3843478.2608695654,25.130434782608695,CM
2016,Austria,22,134750000.0,6737500.0,24.636363636363637,AT
2016,Colombia,22,217400000.0,9881818.181818182,26.272727272727273,CO
2016,Nigeria,22,84025000.0,4001190.476190476,23.5,NG
2016,DR Congo,21,98450000.0,4922500.0,23.666666666666668,CD
2016,Scotland,20,72750000.0,4041666.6666666665,26.25,GB
2016,Bosnia-Herzegovina,19,91050000.0,4792105.263157895,26.42105263157895,BA
2016,Denmark,19,123700000.0,6510526.315789473,24.157894736842106,DK
2016,Ireland,19,82750000.0,4355263.157894737,29.157894736842106,IE
2016,Chile,15,176800000.0,11786666.666666666,28.666666666666668,CL
2016,Japan,15,71500000.0,5107142.857142857,27.5,JP
2016,Slovenia,15,89400000.0,5960000.0,26.266666666666666,SI
2016,Tunisia,15,31225000.0,2081666.6666666667,25.4,TN
2016,Greece,13,77100000.0,5930769.230769231,26.53846153846154,GR
2016,Guinea,13,42300000.0,3253846.153846154,22.46153846153846,GN
2016,Mali,13,26950000.0,2245833.3333333335,23.53846153846154,ML
2016,Norway,13,36500000.0,2807692.3076923075,25.53846153846154,NO
2016,Wales,13,180500000.0,15041666.666666666,27.0,GB
2016,Czech Republic,12,45300000.0,3775000.0,26.916666666666668,CZ
2016,United States,12,38100000.0,3463636.3636363638,24.916666666666668,US
2016,Venezuela,12,45300000.0,3775000.0,25.666666666666668,VE
2016,Albania,11,30550000.0,2777272.727272727,24.818181818181817,AL
2016,Congo,10,7150000.0,1021428.5714285715,22.9,CG
2016,Jamaica,10,55500000.0,5550000.0,24.7,JM
2016,Paraguay,10,47500000.0,5277777.777777778,24.7,PY
2016,Slovakia,10,61100000.0,6110000.0,25.6,SK
2016,Hungary,9,12150000.0,1350000.0,24.11111111111111,HU
2016,Romania,9,27650000.0,3072222.222222222,25.22222222222222,RO
2016,Türkiye,8,71000000.0,8875000.0,22.0,TR
2016,Australia,7,15000000.0,2500000.0,25.142857142857142,AU
2016,Ecuador,7,30850000.0,4407142.857142857,24.571428571428573,EC
2016,"Korea, South",7,43650000.0,6235714.285714285,26.0,KR
2016,Mexico,7,59750000.0,8535714.285714285,26.571428571428573,MX
2016,Ukraine,7,29400000.0,4200000.0,27.285714285714285,UA
2016,Cape Verde,6,8750000.0,1750000.0,23.833333333333332,CV
2016,Iceland,6,30500000.0,5083333.333333333,26.833333333333332,IS
2016,Northern Ireland,6,25000000.0,4166666.6666666665,29.333333333333332,GB
2016,Benin,5,13500000.0,2700000.0,27.4,BJ
2016,Burkina Faso,5,10000000.0,2000000.0,25.6,BF
2016,Costa Rica,5,31900000.0,6380000.0,27.8,CR
2016,The Gambia,5,4300000.0,860000.0,20.4,GM
2016,Egypt,4,42000000.0,10500000.0,24.0,EG
2016,Finland,4,12000000.0,3000000.0,27.5,FI
2016,Gabon,4,63800000.0,15950000.0,24.0,GA
2016,Montenegro,4,38900000.0,9725000.0,29.0,ME
2016,Angola,3,13750000.0,4583333.333333333,23.666666666666668,AO
2016,Equatorial Guinea,3,12000000.0,4000000.0,24.666666666666668,GQ
2016,Guinea-Bissau,3,2750000.0,916666.6666666666,21.666666666666668,GW
2016,Haiti,3,4750000.0,1583333.3333333333,26.333333333333332,HT
2016,Indonesia,3,4800000.0,1600000.0,21.0,ID
2016,Israel,3,2550000.0,850000.0,25.0,IL
2016,North Macedonia,3,3000000.0,1000000.0,27.666666666666668,MK
2016,South Africa,3,3350000.0,1116666.6666666667,27.666666666666668,ZA
2016,Bulgaria,2,2800000.0,1400000.0,24.5,BG
2016,Comoros,2,1000000.0,1000000.0,20.0,KM
2016,Curacao,2,17000000.0,8500000.0,23.5,CW
2016,Dominican Republic,2,2500000.0,1250000.0,24.5,DO
2016,Kosovo,2,5000000.0,2500000.0,21.0,XK
2016,Luxembourg,2,800000.0,400000.0,19.0,LU
2016,Peru,2,7500000.0,3750000.0,32.0,PE
2016,Qatar,2,3100000.0,1550000.0,22.5,QA
2016,Russia,2,9000000.0,4500000.0,26.0,RU
2016,Togo,2,4000000.0,2000000.0,27.0,TG
2016,Armenia,1,37000000.0,37000000.0,27.0,AM
2016,Belarus,1,1000000.0,1000000.0,28.0,BY
2016,Burundi,1,15000000.0,15000000.0,23.0,BI
2016,Canada,1,3000000.0,3000000.0,28.0,CA
2016,Central African Republic,1,20000000.0,20000000.0,23.0,CF
2016,Chad,1,2000000.0,2000000.0,23.0,TD
2016,Cyprus,1,350000.0,350000.0,18.0,CY
2016,El Salvador,1,150000.0,150000.0,18.0,SV
2016,Estonia,1,4000000.0,4000000.0,31.0,EE
2016,Georgia,1,500000.0,500000.0,26.0,GE
2016,Iraq,1,2200000.0,2200000.0,23.0,IQ
2016,Kenya,1,15000000.0,15000000.0,25.0,KE
2016,Laos,1,2750000.0,2750000.0,26.0,LA
2016,Latvia,1,1000000.0,1000000.0,28.0,LV
2016,Libya,1,1200000.0,1200000.0,24.0,LY
2016,Liechtenstein,1,2000000.0,2000000.0,25.0,LI
2016,Madagascar,1,1000000.0,1000000.0,32.0,MG
2016,Malta,1,0.0,,19.0,MT
2016,Mauritania,1,1000000.0,1000000.0,27.0,MR
2016,Mauritius,1,2000000.0,2000000.0,24.0,MU
2016,Moldova,1,3300000.0,3300000.0,26.0,MD
2016,Mozambique,1,5000000.0,5000000.0,28.0,MZ
2016,New Zealand,1,10000000.0,10000000.0,28.0,NZ
2016,Philippines,1,2500000.0,2500000.0,21.0,PH
2016,Sierra Leone,1,250000.0,250000.0,21.0,SL
2016,Suriname,1,2000000.0,2000000.0,30.0,SR
2016,Syria,1,15000000.0,15000000.0,20.0,SY
2016,Zambia,1,1500000.0,1500000.0,27.0,ZM
2016,Zimbabwe,1,3000000.0,3000000.0,20.0,ZW
2017,Spain,359,2252650000.0,6644985.250737463,26.022284122562674,ES
2017,France,275,1830300000.0,7121789.883268482,25.578181818181818,FR
2017,Italy,255,1389550000.0,5470669.2913385825,26.04313725490196,IT
2017,Germany,219,1673775000.0,7858098.591549296,25.009174311926607,DE
2017,England,164,1373300000.0,8917532.467532467,25.597560975609756,GB
2017,Brazil,104,1194400000.0,11484615.384615384,26.326923076923077,BR
2017,Argentina,98,1048750000.0,10811855.670103094,27.510204081632654,AR
2017,Senegal,54,321000000.0,6294117.647058823,25.38888888888889,SN
2017,Belgium,44,680050000.0,15455681.818181818,25.113636363636363,BE
2017,Netherlands,44,409750000.0,9312500.0,25.954545454545453,NL
2017,Portugal,37,481600000.0,13016216.216216216,25.56756756756757,PT
2017,Switzerland,37,211600000.0,5718918.918918919,26.0,CH
2017,Serbia,36,248750000.0,6909722.222222222,25.666666666666668,RS
2017,Cote d'Ivoire,32,219600000.0,7320000.0,24.09375,CI
2017,Croatia,30,354900000.0,11830000.0,25.233333333333334,HR
2017,Uruguay,30,336800000.0,11226666.666666666,25.266666666666666,UY
2017,Algeria,27,160850000.0,6186538.461538462,24.25925925925926,DZ
2017,Austria,27,188250000.0,6972222.222222222,25.185185185185187,AT
2017,Denmark,27,186500000.0,7173076.923076923,24.185185185185187,DK
2017,Morocco,27,99575000.0,3983000.0,23.814814814814813,MA
2017,Cameroon,26,71925000.0,3127173.913043478,24.615384615384617,CM
2017,Poland,26,251550000.0,9675000.0,26.384615384615383,PL
2017,Ghana,24,130500000.0,5437500.0,24.666666666666668,GH
2017,Colombia,23,244300000.0,10621739.130434783,25.782608695652176,CO
2017,DR Congo,23,102500000.0,4880952.380952381,23.217391304347824,CD
2017,Sweden,22,107650000.0,4893181.818181818,25.727272727272727,SE
2017,Nigeria,20,92850000.0,4642500.0,22.6,NG
2017,Bosnia-Herzegovina,18,125500000.0,7382352.94117647,26.61111111111111,BA
2017,Ireland,17,80500000.0,5031250.0,27.88235294117647,IE
2017,Mali,17,31750000.0,2116666.6666666665,24.0,ML
2017,Japan,16,55500000.0,3468750.0,26.933333333333334,JP
2017,Wales,16,183750000.0,12250000.0,27.0625,GB
2017,Greece,14,116250000.0,8303571.428571428,26.285714285714285,GR
2017,Guinea,14,105300000.0,7521428.571428572,24.5,GN
2017,Scotland,14,63750000.0,4903846.153846154,26.5,GB
2017,Czech Republic,13,79650000.0,6126923.076923077,26.384615384615383,CZ
2017,United States,13,87200000.0,7266666.666666667,24.384615384615383,US
2017,Tunisia,12,25900000.0,2158333.3333333335,24.916666666666668,TN
2017,Türkiye,12,96000000.0,8727272.727272727,21.916666666666668,TR
2017,Slovakia,11,85250000.0,7750000.0,25.727272727272727,SK
2017,Slovenia,11,88750000.0,8068181.818181818,27.636363636363637,SI
2017,Albania,10,50450000.0,5045000.0,26.1,AL
2017,Chile,10,135300000.0,13530000.0,28.9,CL
2017,Norway,10,28575000.0,2857500.0,24.9,NO
2017,Romania,10,32300000.0,3230000.0,26.5,RO
2017,Jamaica,9,86500000.0,9611111.111111112,24.666666666666668,JM
2017,Venezuela,9,37300000.0,4144444.4444444445,25.88888888888889,VE
2017,"Korea, South",8,47050000.0,5881250.0,25.5,KR
2017,Mexico,7,55000000.0,7857142.857142857,28.285714285714285,MX
2017,Paraguay,7,19500000.0,2785714.285714286,25.714285714285715,PY
2017,Benin,6,13550000.0,2258333.3333333335,27.833333333333332,BJ
2017,Burkina Faso,6,17300000.0,2883333.3333333335,25.333333333333332,BF
2017,Congo,6,3850000.0,641666.6666666666,23.166666666666668,CG
2017,Finland,6,12800000.0,2133333.3333333335,25.833333333333332,FI
2017,Hungary,6,20950000.0,3491666.6666666665,24.333333333333332,HU
2017,Cape Verde,5,6100000.0,1525000.0,26.0,CV
2017,Costa Rica,5,33000000.0,6600000.0,28.4,CR
2017,Iceland,5,42000000.0,8400000.0,28.6,IS
2017,Northern Ireland,5,30000000.0,6000000.0,32.0,GB
2017,Togo,5,13400000.0,2680000.0,26.8,TG
2017,Egypt,4,58000000.0,14500000.0,24.0,EG
2017,Luxembourg,4,1700000.0,425000.0,20.0,LU
2017,South Africa,4,5250000.0,1312500.0,23.25,ZA
2017,The Gambia,4,2575000.0,643750.0,19.75,GM
2017,Ukraine,4,43000000.0,10750000.0,25.5,UA
2017,Angola,3,12500000.0,4166666.6666666665,24.666666666666668,AO
2017,Australia,3,16000000.0,5333333.333333333,26.0,AU
2017,Curacao,3,8500000.0,2833333.3333333335,25.666666666666668,CW
2017,Dominican Republic,3,8300000.0,2766666.6666666665,23.333333333333332,DO
2017,Ecuador,3,17500000.0,5833333.333333333,29.666666666666668,EC
2017,Gabon,3,77900000.0,25966666.666666668,25.333333333333332,GA
2017,Israel,3,5250000.0,1750000.0,28.0,IL
2017,Kosovo,3,7700000.0,2566666.6666666665,21.333333333333332,XK
2017,Mauritania,3,1050000.0,350000.0,21.666666666666668,MR
2017,Montenegro,3,48000000.0,16000000.0,26.333333333333332,ME
2017,Peru,3,14000000.0,4666666.666666667,30.666666666666668,PE
2017,Bulgaria,2,2100000.0,1050000.0,28.0,BG
2017,Central African Republic,2,20000000.0,10000000.0,25.5,CF
2017,Comoros,2,300000.0,300000.0,18.0,KM
2017,Equatorial Guinea,2,13500000.0,6750000.0,24.5,GQ
2017,Guinea-Bissau,2,4250000.0,2125000.0,23.0,GW
2017,Haiti,2,3000000.0,1500000.0,28.5,HT
2017,Kenya,2,25500000.0,12750000.0,24.5,KE
2017,New Zealand,2,22000000.0,11000000.0,27.5,NZ
2017,North Macedonia,2,1900000.0,950000.0,28.0,MK
2017,Russia,2,5000000.0,2500000.0,27.0,RU
2017,Saudi Arabia,2,3850000.0,1925000.0,24.5,SA
2017,Armenia,1,35000000.0,35000000.0,28.0,AM
2017,Bangladesh,1,0.0,,20.0,BD
2017,Burundi,1,12000000.0,12000000.0,24.0,BI
2017,Canada,1,3000000.0,3000000.0,29.0,CA
2017,Chad,1,2500000.0,2500000.0,24.0,TD
2017,Estonia,1,3500000.0,3500000.0,32.0,EE
2017,Honduras,1,1500000.0,1500000.0,24.0,HN
2017,Indonesia,1,2500000.0,2500000.0,25.0,ID
2017,Iraq,1,2000000.0,2000000.0,24.0,IQ
2017,Laos,1,2000000.0,2000000.0,27.0,LA
2017,Libya,1,2500000.0,2500000.0,25.0,LY
2017,Liechtenstein,1,1200000.0,1200000.0,26.0,LI
2017,Madagascar,1,1000000.0,1000000.0,33.0,MG
2017,Moldova,1,3500000.0,3500000.0,27.0,MD
2017,Mozambique,1,4000000.0,4000000.0,29.0,MZ
2017,Niger,1,200000.0,200000.0,23.0,NE
2017,Philippines,1,1500000.0,1500000.0,22.0,PH
2017,Qatar,1,4000000.0,4000000.0,26.0,QA
2017,Sierra Leone,1,0.0,,22.0,SL
2017,Syria,1,15000000.0,15000000.0,21.0,SY
2017,Uganda,1,800000.0,800000.0,21.0,UG
2018,Spain,351,3344450000.0,9666040.462427747,26.34188034188034,ES
2018,France,291,3066800000.0,11358518.518518519,24.824742268041238,FR
2018,Italy,233,1674475000.0,7280326.0869565215,26.626609442060087,IT
2018,Germany,209,2184675000.0,10503245.192307692,25.4375,DE
2018,England,157,2114150000.0,15101071.42857143,25.445859872611464,GB
2018,Brazil,107,1934000000.0,18245283.018867925,26.065420560747665,BR
2018,Argentina,82,1235100000.0,15062195.121951219,27.341463414634145,AR
2018,Portugal,50,757250000.0,15776041.666666666,25.06,PT
2018,Netherlands,44,572300000.0,13309302.325581396,25.75,NL
2018,Senegal,44,428450000.0,9963953.488372093,25.727272727272727,SN
2018,Belgium,43,956650000.0,22247674.41860465,26.488372093023255,BE
2018,Cote d'Ivoire,37,424650000.0,11477027.027027028,24.81081081081081,CI
2018,Croatia,36,482850000.0,13412500.0,25.5,HR
2018,Serbia,36,386050000.0,10723611.111111112,24.97222222222222,RS
2018,Austria,33,269350000.0,8162121.212121212,25.757575757575758,AT
2018,Switzerland,32,294650000.0,9207812.5,26.84375,CH
2018,Morocco,31,197050000.0,6794827.586206896,24.129032258064516,MA
2018,Uruguay,31,440100000.0,14196774.193548387,25.483870967741936,UY
2018,Denmark,28,337500000.0,12053571.42857143,24.785714285714285,DK
2018,Poland,26,266700000.0,10257692.307692308,27.26923076923077,PL
2018,Algeria,25,237400000.0,9496000.0,23.88,DZ
2018,Ghana,25,189000000.0,7560000.0,25.0,GH
2018,Colombia,23,312950000.0,13606521.739130436,26.47826086956522,CO
2018,Sweden,23,122650000.0,5575000.0,25.652173913043477,SE
2018,Cameroon,21,132150000.0,6292857.142857143,25.19047619047619,CM
2018,Nigeria,21,179650000.0,8554761.904761905,23.142857142857142,NG
2018,United States,20,131700000.0,6931578.947368421,23.5,US
2018,Türkiye,18,158200000.0,8788888.888888888,22.72222222222222,TR
2018,Mali,17,94200000.0,5541176.470588235,23.764705882352942,ML
2018,Czech Republic,16,122100000.0,7631250.0,28.3125,CZ
2018,DR Congo,16,59050000.0,3690625.0,24.0,CD
2018,Japan,15,68250000.0,4550000.0,28.142857142857142,JP
2018,Guinea,14,133550000.0,10273076.923076924,23.142857142857142,GN
2018,Ireland,14,95500000.0,6821428.571428572,27.357142857142858,IE
2018,Slovakia,13,139050000.0,10696153.846153846,26.0,SK
2018,Bosnia-Herzegovina,12,143750000.0,11979166.666666666,27.916666666666668,BA
2018,Greece,12,97050000.0,8087500.0,26.75,GR
2018,Scotland,12,135500000.0,11291666.666666666,26.916666666666668,GB
2018,Slovenia,12,135200000.0,11266666.666666666,27.416666666666668,SI
2018,Mexico,10,70500000.0,7050000.0,27.4,MX
2018,Tunisia,10,49250000.0,6156250.0,22.7,TN
2018,Wales,10,180250000.0,20027777.777777776,25.6,GB
2018,Chile,9,94100000.0,10455555.555555556,28.11111111111111,CL
2018,Jamaica,9,110000000.0,12222222.222222222,26.0,JM
2018,Norway,9,59500000.0,6611111.111111111,26.555555555555557,NO
2018,"Korea, South",8,73200000.0,9150000.0,24.75,KR
2018,Cape Verde,7,14650000.0,2441666.6666666665,24.857142857142858,CV
2018,Kosovo,7,29700000.0,4242857.142857143,21.857142857142858,XK
2018,Paraguay,7,39500000.0,5642857.142857143,26.857142857142858,PY
2018,Romania,7,30500000.0,4357142.857142857,27.571428571428573,RO
2018,Venezuela,7,32000000.0,4571428.571428572,25.571428571428573,VE
2018,Albania,6,52000000.0,8666666.666666666,25.833333333333332,AL
2018,Guinea-Bissau,6,20350000.0,3391666.6666666665,22.666666666666668,GW
2018,Hungary,6,36500000.0,6083333.333333333,24.666666666666668,HU
2018,Iceland,6,62500000.0,10416666.666666666,28.666666666666668,IS
2018,Montenegro,6,68350000.0,11391666.666666666,25.0,ME
2018,Congo,5,4650000.0,1162500.0,24.6,CG
2018,Finland,5,17300000.0,3460000.0,26.8,FI
2018,Gabon,5,107000000.0,21400000.0,26.4,GA
2018,Togo,5,34300000.0,6860000.0,29.0,TG
2018,Ukraine,5,50500000.0,10100000.0,24.0,UA
2018,Angola,4,34000000.0,8500000.0,25.25,AO
2018,Australia,4,25000000.0,8333333.333333333,25.5,AU
2018,Costa Rica,4,19700000.0,4925000.0,29.25,CR
2018,Ecuador,4,11800000.0,2950000.0,25.0,EC
2018,Equatorial Guinea,4,17800000.0,4450000.0,24.5,GQ
2018,Madagascar,4,3000000.0,1000000.0,26.75,MG
2018,Mauritania,4,5800000.0,1450000.0,23.75,MR
2018,South Africa,4,13500000.0,3375000.0,24.25,ZA
2018,Benin,3,11300000.0,3766666.6666666665,29.0,BJ
2018,Comoros,3,13000000.0,6500000.0,19.333333333333332,KM
2018,Curacao,3,9500000.0,3166666.6666666665,24.0,CW
2018,Egypt,3,167000000.0,55666666.666666664,24.333333333333332,EG
2018,Iran,3,24200000.0,8066666.666666667,23.666666666666668,IR
2018,North Macedonia,3,11500000.0,3833333.3333333335,27.666666666666668,MK
2018,Northern Ireland,3,18500000.0,6166666.666666667,30.666666666666668,GB
2018,Peru,3,9500000.0,3166666.6666666665,32.0,PE
2018,Burkina Faso,2,21500000.0,10750000.0,24.5,BF
2018,Canada,2,14500000.0,7250000.0,23.0,CA
2018,Central African Republic,2,29000000.0,14500000.0,26.5,CF
2018,Dominican Republic,2,45000000.0,22500000.0,23.5,DO
2018,Haiti,2,2150000.0,1075000.0,24.5,HT
2018,Indonesia,2,12000000.0,6000000.0,23.5,ID
2018,Israel,2,3000000.0,1500000.0,28.0,IL
2018,Moldova,2,5200000.0,2600000.0,23.5,MD
2018,Mozambique,2,4425000.0,2212500.0,27.0,MZ
2018,Philippines,2,6000000.0,3000000.0,25.5,PH
2018,Russia,2,37000000.0,18500000.0,25.0,RU
2018,The Gambia,2,11000000.0,5500000.0,23.0,GM
2018,Armenia,1,30000000.0,30000000.0,29.0,AM
2018,Bangladesh,1,1000000.0,1000000.0,21.0,BD
2018,Bulgaria,1,2000000.0,2000000.0,22.0,BG
2018,Chad,1,2000000.0,2000000.0,25.0,TD
2018,China,1,3500000.0,3500000.0,27.0,CN
2018,Estonia,1,3000000.0,3000000.0,33.0,EE
2018,Georgia,1,500000.0,500000.0,28.0,GE
2018,Guatemala,1,2500000.0,2500000.0,26.0,GT
2018,Honduras,1,2000000.0,2000000.0,25.0,HN
2018,Iraq,1,1600000.0,1600000.0,25.0,IQ
2018,Kenya,1,25000000.0,25000000.0,27.0,KE
2018,Luxembourg,1,400000.0,400000.0,18.0,LU
2018,New Zealand,1,18000000.0,18000000.0,27.0,NZ
2018,Niger,1,150000.0,150000.0,35.0,NE
2018,Suriname,1,6000000.0,6000000.0,25.0,SR
2018,Syria,1,18000000.0,18000000.0,22.0,SY
2018,Trinidad and Tobago,1,750000.0,750000.0,26.0,TT
2019,Spain,397,3618150000.0,9229974.489795918,26.171284634760706,ES
2019,France,291,3463900000.0,12239929.328621909,24.993127147766323,FR
2019,Italy,248,1957600000.0,8474458.874458874,25.455645161290324,IT
2019,Germany,218,2256600000.0,10745714.285714285,25.516129032258064,DE
2019,England,181,2887850000.0,17396686.74698795,25.016574585635357,GB
2019,Brazil,113,2153875000.0,19060840.707964603,26.0,BR
2019,Argentina,73,1263150000.0,17543750.0,27.315068493150687,AR
2019,Portugal,51,983150000.0,19277450.980392158,25.431372549019606,PT
2019,Netherlands,49,858800000.0,17891666.666666668,25.020408163265305,NL
2019,Senegal,39,508450000.0,13037179.487179488,25.025641025641026,SN
2019,Belgium,38,958100000.0,25213157.89473684,25.68421052631579,BE
2019,Cote d'Ivoire,37,421950000.0,11720833.333333334,24.81081081081081,CI
2019,Serbia,36,394900000.0,10969444.444444444,25.52777777777778,RS
2019,Austria,32,321950000.0,10060937.5,26.03125,AT
2019,Morocco,32,241700000.0,7553125.0,24.15625,MA
2019,Switzerland,30,338750000.0,11291666.666666666,27.066666666666666,CH
2019,Algeria,29,316550000.0,11305357.142857144,24.275862068965516,DZ
2019,Uruguay,29,471400000.0,16835714.285714287,25.82758620689655,UY
2019,Denmark,27,383400000.0,14200000.0,25.925925925925927,DK
2019,Ghana,27,217800000.0,8376923.076923077,25.333333333333332,GH
2019,Poland,27,323800000.0,12453846.153846154,26.14814814814815,PL
2019,Croatia,26,389300000.0,14973076.923076924,26.153846153846153,HR
2019,Nigeria,26,267800000.0,10712000.0,23.692307692307693,NG
2019,Cameroon,24,157750000.0,6858695.652173913,24.958333333333332,CM
2019,Colombia,22,297500000.0,13522727.272727273,27.0,CO
2019,Ireland,21,121750000.0,6407894.736842105,25.857142857142858,IE
2019,Mali,20,129150000.0,6457500.0,23.95,ML
2019,Scotland,20,269900000.0,13495000.0,25.5,GB
2019,Türkiye,19,230100000.0,12110526.315789474,23.473684210526315,TR
2019,Sweden,17,159000000.0,9352941.176470589,26.294117647058822,SE
2019,Czech Republic,16,123400000.0,7712500.0,27.0,CZ
2019,United States,16,158500000.0,11321428.57142857,23.0625,US
2019,Bosnia-Herzegovina,15,138500000.0,9233333.333333334,29.4,BA
2019,Greece,15,101200000.0,6746666.666666667,26.133333333333333,GR
2019,Norway,15,151450000.0,10817857.142857144,25.4,NO
2019,Wales,14,229000000.0,17615384.615384616,24.714285714285715,GB
2019,DR Congo,13,89000000.0,7416666.666666667,23.23076923076923,CD
2019,Albania,11,71400000.0,7140000.0,24.727272727272727,AL
2019,Japan,11,80500000.0,7318181.818181818,26.818181818181817,JP
2019,Slovakia,11,130500000.0,11863636.363636363,25.727272727272727,SK
2019,Guinea,10,129000000.0,12900000.0,24.4,GN
2019,Jamaica,9,100250000.0,11138888.888888888,27.0,JM
2019,Slovenia,9,150250000.0,16694444.444444444,29.333333333333332,SI
2019,Tunisia,9,50250000.0,5583333.333333333,23.333333333333332,TN
2019,Chile,8,89500000.0,11187500.0,30.5,CL
2019,"Korea, South",8,114850000.0,14356250.0,26.25,KR
2019,Venezuela,8,24800000.0,3100000.0,26.125,VE
2019,Finland,7,28900000.0,4128571.4285714286,27.142857142857142,FI
2019,Iceland,7,50500000.0,8416666.666666666,26.285714285714285,IS
2019,Mexico,7,132000000.0,18857142.85714286,27.428571428571427,MX
2019,North Macedonia,7,38300000.0,5471428.571428572,25.285714285714285,MK
2019,Romania,7,35800000.0,5114285.714285715,28.571428571428573,RO
2019,Kosovo,6,56200000.0,9366666.666666666,25.166666666666668,XK
2019,Montenegro,6,52400000.0,8733333.333333334,27.166666666666668,ME
2019,Togo,6,42050000.0,7008333.333333333,26.666666666666668,TG
2019,Burkina Faso,5,26100000.0,5220000.0,21.8,BF
2019,Gabon,5,87500000.0,17500000.0,27.4,GA
2019,Guinea-Bissau,5,12150000.0,3037500.0,22.0,GW
2019,Hungary,5,38550000.0,7710000.0,25.4,HU
2019,Northern Ireland,5,37350000.0,7470000.0,29.0,GB
2019,Paraguay,5,45500000.0,9100000.0,27.8,PY
2019,Peru,5,12500000.0,3125000.0,29.0,PE
2019,Suriname,5,11550000.0,2887500.0,21.8,SR
2019,Australia,4,25900000.0,6475000.0,27.0,AU
2019,Egypt,4,162575000.0,40643750.0,26.0,EG
2019,South Africa,4,10700000.0,2675000.0,23.75,ZA
2019,The Gambia,4,12800000.0,3200000.0,21.25,GM
2019,Ukraine,4,61000000.0,15250000.0,27.0,UA
2019,Cape Verde,3,7800000.0,2600000.0,28.0,CV
2019,Ecuador,3,12500000.0,4166666.6666666665,25.333333333333332,EC
2019,Mauritania,3,2300000.0,766666.6666666666,21.333333333333332,MR
2019,Russia,3,40000000.0,13333333.333333334,27.0,RU
2019,Armenia,2,29000000.0,14500000.0,28.0,AM
2019,Comoros,2,16000000.0,8000000.0,20.0,KM
2019,Costa Rica,2,10900000.0,5450000.0,31.5,CR
2019,Dominican Republic,2,41000000.0,20500000.0,24.5,DO
2019,Equatorial Guinea,2,21000000.0,10500000.0,26.5,GQ
2019,Estonia,2,1500000.0,1500000.0,26.0,EE
2019,Georgia,2,150000.0,150000.0,19.5,GE
2019,Haiti,2,6000000.0,3000000.0,21.5,HT
2019,Iran,2,12000000.0,6000000.0,26.0,IR
2019,Israel,2,10025000.0,5012500.0,23.0,IL
2019,Luxembourg,2,1200000.0,600000.0,23.0,LU
2019,Madagascar,2,4250000.0,2125000.0,27.0,MG
2019,Mozambique,2,7000000.0,3500000.0,28.0,MZ
2019,New Zealand,2,19000000.0,9500000.0,24.0,NZ
2019,Zimbabwe,2,11000000.0,5500000.0,24.0,ZW
2019,Angola,1,4000000.0,4000000.0,28.0,AO
2019,Bangladesh,1,10000000.0,10000000.0,22.0,BD
2019,Bolivia,1,0.0,,18.0,BO
2019,Canada,1,25000000.0,25000000.0,19.0,CA
2019,Central African Republic,1,28000000.0,28000000.0,26.0,CF
2019,Chad,1,3000000.0,3000000.0,26.0,TD
2019,China,1,10000000.0,10000000.0,28.0,CN
2019,Cuba,1,4000000.0,4000000.0,26.0,CU
2019,Curacao,1,800000.0,800000.0,23.0,CW
2019,Indonesia,1,15000000.0,15000000.0,22.0,ID
2019,Kenya,1,12000000.0,12000000.0,28.0,KE
2019,Lithuania,1,100000.0,100000.0,21.0,LT
2019,Malta,1,3500000.0,3500000.0,22.0,MT
2019,Moldova,1,4500000.0,4500000.0,29.0,MD
2019,Panama,1,500000.0,500000.0,21.0,PA
2019,Philippines,1,1500000.0,1500000.0,24.0,PH
2019,Syria,1,8000000.0,8000000.0,23.0,SY
2019,Tanzania,1,12000000.0,12000000.0,27.0,TZ
2019,Zambia,1,1500000.0,1500000.0,30.0,ZM
2020,Spain,401,2923250000.0,7476342.710997443,26.44139650872818,ES
2020,France,319,3060375000.0,10553017.24137931,24.677115987460816,FR
2020,Italy,237,1686850000.0,7302380.952380952,26.223628691983123,IT
2020,Germany,208,1757075000.0,8874116.161616161,25.216346153846153,DE
2020,England,177,2741800000.0,16128235.294117646,25.1864406779661,GB
2020,Brazil,105,1854650000.0,17663333.333333332,26.752380952380953,BR
2020,Argentina,76,1018050000.0,13395394.736842105,27.263157894736842,AR
2020,Portugal,61,1116050000.0,18600833.333333332,25.21311475409836,PT
2020,Netherlands,59,736100000.0,13144642.857142856,24.983050847457626,NL
2020,Cote d'Ivoire,45,448000000.0,10926829.268292682,24.133333333333333,CI
2020,Senegal,45,440400000.0,11292307.692307692,24.333333333333332,SN
2020,Belgium,39,816750000.0,21493421.05263158,25.307692307692307,BE
2020,Serbia,39,344100000.0,8823076.923076924,26.102564102564102,RS
2020,Switzerland,34,300000000.0,9090909.090909092,25.647058823529413,CH
2020,Austria,33,326050000.0,10517741.935483871,25.818181818181817,AT
2020,Algeria,32,328100000.0,10253125.0,25.46875,DZ
2020,Morocco,32,291725000.0,9410483.870967742,24.40625,MA
2020,Croatia,31,322900000.0,10416129.032258065,25.483870967741936,HR
2020,Poland,29,291400000.0,10792592.592592593,25.93103448275862,PL
2020,Mali,28,139500000.0,5812500.0,23.464285714285715,ML
2020,Uruguay,28,402800000.0,14385714.285714285,26.035714285714285,UY
2020,Denmark,26,280950000.0,10805769.23076923,25.884615384615383,DK
2020,Cameroon,25,131450000.0,5477083.333333333,24.56,CM
2020,Nigeria,24,266250000.0,11093750.0,23.666666666666668,NG
2020,Türkiye,24,246150000.0,11188636.363636363,23.125,TR
2020,Colombia,22,257300000.0,11695454.545454545,26.90909090909091,CO
2020,Ghana,22,171600000.0,8580000.0,25.09090909090909,GH
2020,Ireland,22,113800000.0,5419047.619047619,26.454545454545453,IE
2020,Scotland,21,264000000.0,12571428.57142857,26.238095238095237,GB
2020,Sweden,19,170100000.0,10005882.352941176,26.736842105263158,SE
2020,Japan,18,112850000.0,6269444.444444444,27.705882352941178,JP
2020,United States,17,208225000.0,12248529.411764706,22.647058823529413,US
2020,Wales,15,127800000.0,9830769.23076923,25.133333333333333,GB
2020,DR Congo,14,99600000.0,7114285.714285715,24.142857142857142,CD
2020,Norway,14,216000000.0,16615384.615384616,23.714285714285715,NO
2020,Bosnia-Herzegovina,13,88950000.0,6842307.692307692,28.923076923076923,BA
2020,Czech Republic,13,121000000.0,9307692.307692308,28.384615384615383,CZ
2020,Greece,12,70550000.0,6413636.363636363,24.25,GR
2020,Guinea,12,100200000.0,9109090.909090908,22.583333333333332,GN
2020,Slovakia,11,101150000.0,9195454.545454545,26.545454545454547,SK
2020,Kosovo,10,69275000.0,6927500.0,25.4,XK
2020,Romania,10,39900000.0,4433333.333333333,24.9,RO
2020,Chile,9,58300000.0,6477777.777777778,30.0,CL
2020,Albania,8,83400000.0,10425000.0,25.25,AL
2020,Jamaica,8,96300000.0,12037500.0,27.125,JM
2020,"Korea, South",8,134700000.0,16837500.0,25.375,KR
2020,Hungary,7,30100000.0,4300000.0,24.0,HU
2020,The Gambia,7,30800000.0,4400000.0,22.0,GM
2020,Tunisia,7,33400000.0,5566666.666666667,24.0,TN
2020,Venezuela,7,41600000.0,5942857.142857143,25.714285714285715,VE
2020,Angola,6,28400000.0,4733333.333333333,26.0,AO
2020,Egypt,6,142900000.0,23816666.666666668,27.5,EG
2020,Mexico,6,102000000.0,17000000.0,27.833333333333332,MX
2020,Paraguay,6,43500000.0,7250000.0,26.0,PY
2020,Australia,5,10150000.0,3383333.3333333335,23.8,AU
2020,Finland,5,13900000.0,2780000.0,29.8,FI
2020,Gabon,5,67700000.0,13540000.0,28.4,GA
2020,Iceland,5,30000000.0,6000000.0,27.0,IS
2020,North Macedonia,5,41075000.0,8215000.0,26.6,MK
2020,Northern Ireland,5,36200000.0,7240000.0,27.2,GB
2020,Slovenia,5,119200000.0,23840000.0,29.2,SI
2020,Suriname,5,11800000.0,2360000.0,22.8,SR
2020,Togo,5,35500000.0,11833333.333333334,22.2,TG
2020,Benin,4,9200000.0,2300000.0,25.5,BJ
2020,Bulgaria,4,3550000.0,887500.0,24.0,BG
2020,Burkina Faso,4,50000000.0,12500000.0,23.25,BF
2020,Canada,4,110000000.0,55000000.0,18.75,CA
2020,Ecuador,4,27000000.0,6750000.0,25.75,EC
2020,Equatorial Guinea,4,15650000.0,3912500.0,26.0,GQ
2020,Guinea-Bissau,4,13200000.0,3300000.0,22.75,GW
2020,Montenegro,4,36500000.0,9125000.0,29.25,ME
2020,Russia,4,46500000.0,11625000.0,27.0,RU
2020,Ukraine,4,53000000.0,13250000.0,26.5,UA
2020,Armenia,3,24700000.0,8233333.333333333,25.666666666666668,AM
2020,Cape Verde,3,4300000.0,2150000.0,24.333333333333332,CV
2020,Comoros,3,17000000.0,5666666.666666667,20.666666666666668,KM
2020,Dominican Republic,3,26050000.0,8683333.333333334,23.333333333333332,DO
2020,Haiti,3,6650000.0,2216666.6666666665,22.666666666666668,HT
2020,Madagascar,3,6400000.0,2133333.3333333335,28.333333333333332,MG
2020,Mauritania,3,2700000.0,900000.0,21.666666666666668,MR
2020,Peru,3,8900000.0,2966666.6666666665,27.666666666666668,PE
2020,South Africa,3,5000000.0,2500000.0,24.666666666666668,ZA
2020,Zimbabwe,3,16000000.0,5333333.333333333,24.666666666666668,ZW
2020,Costa Rica,2,10700000.0,5350000.0,32.5,CR
2020,Israel,2,14000000.0,7000000.0,26.0,IL
2020,Mozambique,2,5000000.0,2500000.0,29.0,MZ
2020,Sierra Leone,2,575000.0,287500.0,20.0,SL
2020,Bangladesh,1,8000000.0,8000000.0,23.0,BD
2020,Central African Republic,1,17500000.0,17500000.0,27.0,CF
2020,Chad,1,2300000.0,2300000.0,27.0,TD
2020,Congo,1,1000000.0,1000000.0,22.0,CG
2020,Curacao,1,2400000.0,2400000.0,26.0,CW
2020,Estonia,1,800000.0,800000.0,35.0,EE
2020,Faroe Islands,1,650000.0,650000.0,29.0,FO
2020,Georgia,1,100000.0,100000.0,21.0,GE
2020,Honduras,1,2500000.0,2500000.0,27.0,HN
2020,Indonesia,1,10000000.0,10000000.0,23.0,ID
2020,Iran,1,5000000.0,5000000.0,27.0,IR
2020,Libya,1,2400000.0,2400000.0,28.0,LY
2020,Luxembourg,1,4000000.0,4000000.0,20.0,LU
2020,Malta,1,7000000.0,7000000.0,23.0,MT
2020,Moldova,1,2000000.0,2000000.0,30.0,MD
2020,New Zealand,1,12000000.0,12000000.0,29.0,NZ
2020,Syria,1,10000000.0,10000000.0,24.0,SY
2020,Uganda,1,1200000.0,1200000.0,24.0,UG
2020,Uzbekistan,1,6500000.0,6500000.0,25.0,UZ
2021,Spain,336,2883350000.0,8607014.925373135,27.026785714285715,ES
2021,France,283,2877550000.0,10240391.459074734,25.286219081272083,FR
2021,Germany,215,1775950000.0,8416824.644549763,25.87441860465116,DE
2021,Italy,196,1648175000.0,8452179.487179488,26.494897959183675,IT
2021,England,170,2985300000.0,17876047.904191617,25.576470588235296,GB
2021,Brazil,91,1640100000.0,18023076.923076924,26.593406593406595,BR
2021,Netherlands,69,836100000.0,12117391.304347826,25.144927536231883,NL
2021,Argentina,66,907350000.0,13959230.76923077,27.53030303030303,AR
2021,Portugal,55,1107700000.0,20140000.0,26.10909090909091,PT
2021,Belgium,41,758950000.0,18510975.609756097,25.634146341463413,BE
2021,Denmark,39,330200000.0,8466666.666666666,25.23076923076923,DK
2021,Senegal,39,399300000.0,10238461.538461538,24.794871794871796,SN
2021,Serbia,36,331000000.0,9194444.444444444,26.52777777777778,RS
2021,Austria,33,309200000.0,9662500.0,25.848484848484848,AT
2021,Cote d'Ivoire,32,371900000.0,11621875.0,24.875,CI
2021,Morocco,32,332200000.0,10716129.032258065,24.4375,MA
2021,Algeria,31,303650000.0,9795161.290322581,25.483870967741936,DZ
2021,Croatia,31,372200000.0,12006451.612903226,25.774193548387096,HR
2021,Poland,30,269900000.0,8996666.666666666,25.5,PL
2021,Switzerland,28,264000000.0,9428571.42857143,26.75,CH
2021,United States,28,277900000.0,9925000.0,21.571428571428573,US
2021,Ghana,26,186600000.0,7176923.076923077,25.346153846153847,GH
2021,Uruguay,25,326400000.0,13056000.0,26.28,UY
2021,Cameroon,24,148700000.0,6195833.333333333,25.958333333333332,CM
2021,Mali,24,156500000.0,7113636.363636363,24.125,ML
2021,Nigeria,24,279300000.0,11637500.0,24.833333333333332,NG
2021,Norway,24,297000000.0,12913043.47826087,24.208333333333332,NO
2021,Sweden,21,176600000.0,8409523.80952381,27.285714285714285,SE
2021,Colombia,20,224800000.0,11240000.0,27.85,CO
2021,Türkiye,19,225900000.0,11889473.684210526,23.68421052631579,TR
2021,Scotland,18,249200000.0,13844444.444444444,26.11111111111111,GB
2021,DR Congo,15,129700000.0,8646666.666666666,24.666666666666668,CD
2021,Greece,14,67500000.0,4821428.571428572,25.571428571428573,GR
2021,Ireland,14,55900000.0,3992857.1428571427,25.571428571428573,IE
2021,Wales,14,100200000.0,7157142.857142857,26.357142857142858,GB
2021,Albania,13,80400000.0,6184615.384615385,25.53846153846154,AL
2021,Czech Republic,13,148950000.0,11457692.307692308,26.384615384615383,CZ
2021,Japan,13,95850000.0,7373076.923076923,27.53846153846154,JP
2021,Slovakia,13,104450000.0,8034615.384615385,26.76923076923077,SK
2021,Bosnia-Herzegovina,11,34375000.0,3125000.0,28.363636363636363,BA
2021,Chile,11,45200000.0,4109090.909090909,29.545454545454547,CL
2021,Guinea,11,94800000.0,9480000.0,22.272727272727273,GN
2021,Kosovo,10,55700000.0,5570000.0,25.2,XK
2021,Tunisia,10,40600000.0,4060000.0,25.3,TN
2021,Mexico,9,113500000.0,12611111.111111112,27.666666666666668,MX
2021,Ukraine,9,86300000.0,9588888.888888888,24.333333333333332,UA
2021,"Korea, South",8,119200000.0,14900000.0,26.0,KR
2021,Romania,8,32800000.0,4100000.0,27.375,RO
2021,Finland,7,22500000.0,3214285.714285714,28.428571428571427,FI
2021,Jamaica,7,119000000.0,17000000.0,26.142857142857142,JM
2021,Slovenia,7,80500000.0,11500000.0,28.857142857142858,SI
2021,Ecuador,6,39000000.0,6500000.0,23.333333333333332,EC
2021,Guinea-Bissau,6,24800000.0,4133333.3333333335,23.5,GW
2021,Hungary,6,72600000.0,12100000.0,24.333333333333332,HU
2021,Montenegro,6,35300000.0,5883333.333333333,29.833333333333332,ME
2021,Angola,5,18300000.0,3660000.0,25.6,AO
2021,Paraguay,5,34500000.0,6900000.0,26.0,PY
2021,Russia,5,45000000.0,9000000.0,28.4,RU
2021,Venezuela,5,33000000.0,6600000.0,27.8,VE
2021,Burkina Faso,4,63500000.0,15875000.0,21.75,BF
2021,Comoros,4,12500000.0,3125000.0,21.5,KM
2021,Egypt,4,123500000.0,30875000.0,26.75,EG
2021,Gabon,4,34500000.0,8625000.0,28.25,GA
2021,Iceland,4,12000000.0,3000000.0,27.25,IS
2021,North Macedonia,4,36300000.0,9075000.0,26.75,MK
2021,Northern Ireland,4,20500000.0,5125000.0,29.5,GB
2021,The Gambia,4,30700000.0,7675000.0,23.25,GM
2021,Armenia,3,14200000.0,4733333.333333333,29.666666666666668,AM
2021,Benin,3,10600000.0,3533333.3333333335,27.666666666666668,BJ
2021,Canada,3,124500000.0,41500000.0,21.666666666666668,CA
2021,Cape Verde,3,8600000.0,2866666.6666666665,27.666666666666668,CV
2021,Costa Rica,3,11500000.0,3833333.3333333335,33.0,CR
2021,Dominican Republic,3,25000000.0,8333333.333333333,25.666666666666668,DO
2021,Haiti,3,12200000.0,4066666.6666666665,22.666666666666668,HT
2021,Israel,3,8100000.0,2700000.0,24.666666666666668,IL
2021,Zimbabwe,3,18000000.0,6000000.0,25.666666666666668,ZW
2021,Australia,2,8000000.0,4000000.0,27.0,AU
2021,Central African Republic,2,15400000.0,7700000.0,27.5,CF
2021,Congo,2,1600000.0,800000.0,22.0,CG
2021,Equatorial Guinea,2,4300000.0,2150000.0,28.0,GQ
2021,Georgia,2,4800000.0,2400000.0,21.0,GE
2021,Honduras,2,10000000.0,5000000.0,26.5,HN
2021,Iran,2,28000000.0,14000000.0,27.0,IR
2021,Luxembourg,2,11150000.0,5575000.0,20.5,LU
2021,Mozambique,2,11000000.0,5500000.0,30.0,MZ
2021,New Zealand,2,7200000.0,3600000.0,25.5,NZ
2021,Peru,2,17000000.0,8500000.0,27.5,PE
2021,Suriname,2,6000000.0,3000000.0,27.0,SR
2021,Togo,2,28000000.0,14000000.0,28.5,TG
2021,Zambia,2,42000000.0,21000000.0,23.0,ZM
2021,Bangladesh,1,5000000.0,5000000.0,24.0,BD
2021,Bulgaria,1,1000000.0,1000000.0,22.0,BG
2021,Chad,1,1300000.0,1300000.0,28.0,TD
2021,China,1,2500000.0,2500000.0,30.0,CN
2021,Cyprus,1,1000000.0,1000000.0,23.0,CY
2021,Indonesia,1,12000000.0,12000000.0,24.0,ID
2021,Iraq,1,1200000.0,1200000.0,19.0,IQ
2021,Madagascar,1,400000.0,400000.0,37.0,MG
2021,Malta,1,6000000.0,6000000.0,24.0,MT
2021,Mauritania,1,2500000.0,2500000.0,21.0,MR
2021,Panama,1,1500000.0,1500000.0,23.0,PA
2021,Philippines,1,3000000.0,3000000.0,26.0,PH
2021,Sierra Leone,1,2000000.0,2000000.0,20.0,SL
2021,South Africa,1,2000000.0,2000000.0,25.0,ZA
2021,Syria,1,18000000.0,18000000.0,25.0,SY
2021,Uzbekistan,1,12000000.0,12000000.0,26.0,UZ
2022,Spain,381,2882300000.0,7769002.69541779,26.094488188976378,ES
2022,France,310,3191400000.0,10745454.545454545,24.993548387096773,FR
2022,Germany,222,1783250000.0,8294186.046511628,25.666666666666668,DE
2022,Italy,218,1561350000.0,7262093.023255814,25.94954128440367,IT
2022,England,184,3250150000.0,18466761.363636363,25.054347826086957,GB
2022,Brazil,101,1927900000.0,19279000.0,26.22772277227723,BR
2022,Argentina,79,1085300000.0,13737974.683544304,26.329113924050635,AR
2022,Portugal,70,1281200000.0,18841176.470588237,25.8,PT
2022,Netherlands,61,819400000.0,13432786.885245902,25.42622950819672,NL
2022,Belgium,45,692700000.0,15743181.818181818,24.511111111111113,BE
2022,Senegal,45,313350000.0,7460714.285714285,24.488888888888887,SN
2022,Denmark,44,394850000.0,8973863.636363637,25.522727272727273,DK
2022,Morocco,43,354350000.0,8642682.92682927,23.953488372093023,MA
2022,Croatia,37,416200000.0,11248648.64864865,25.91891891891892,HR
2022,Cote d'Ivoire,36,404000000.0,11542857.142857144,25.11111111111111,CI
2022,Poland,35,258400000.0,7600000.0,26.428571428571427,PL
2022,Serbia,34,337800000.0,10236363.636363637,26.38235294117647,RS
2022,Algeria,33,277350000.0,9245000.0,24.575757575757574,DZ
2022,Austria,32,326500000.0,10203125.0,25.15625,AT
2022,Mali,29,207000000.0,7392857.142857143,24.137931034482758,ML
2022,Uruguay,27,418600000.0,15503703.703703703,25.85185185185185,UY
2022,Ghana,26,211000000.0,8115384.615384615,25.884615384615383,GH
2022,Cameroon,25,172700000.0,7195833.333333333,24.28,CM
2022,Nigeria,25,343225000.0,13729000.0,25.32,NG
2022,Switzerland,25,253500000.0,10140000.0,27.12,CH
2022,Colombia,24,258600000.0,10775000.0,27.375,CO
2022,Scotland,24,277800000.0,12627272.727272727,25.791666666666668,GB
2022,Sweden,24,216900000.0,9037500.0,24.666666666666668,SE
2022,Norway,22,340900000.0,15495454.545454545,24.227272727272727,NO
2022,United States,21,283700000.0,13509523.80952381,23.476190476190474,US
2022,Türkiye,20,214000000.0,10700000.0,24.0,TR
2022,Japan,17,144150000.0,8479411.764705881,26.705882352941178,JP
2022,Bosnia-Herzegovina,16,44950000.0,2809375.0,27.1875,BA
2022,Wales,16,145500000.0,9700000.0,25.0,GB
2022,Ireland,15,70000000.0,5000000.0,22.866666666666667,IE
2022,Czech Republic,13,138750000.0,10673076.923076924,25.923076923076923,CZ
2022,DR Congo,13,95500000.0,7346153.846153846,26.153846153846153,CD
2022,Albania,12,92800000.0,7733333.333333333,24.916666666666668,AL
2022,Greece,11,52200000.0,4745454.545454546,26.454545454545453,GR
2022,Chile,10,34500000.0,3450000.0,29.5,CL
2022,Guinea,10,69100000.0,6910000.0,24.5,GN
2022,Slovakia,10,110300000.0,11030000.0,28.1,SK
2022,Tunisia,10,41000000.0,4100000.0,26.7,TN
2022,Ukraine,10,161500000.0,16150000.0,25.0,UA
2022,Australia,9,14775000.0,1641666.6666666667,22.22222222222222,AU
2022,Jamaica,9,112500000.0,14062500.0,26.555555555555557,JM
2022,Kosovo,9,55600000.0,6177777.777777778,26.77777777777778,XK
2022,Romania,8,16950000.0,2421428.5714285714,27.5,RO
2022,Slovenia,8,65100000.0,8137500.0,25.0,SI
2022,Ecuador,7,98000000.0,14000000.0,22.285714285714285,EC
2022,Mexico,7,67300000.0,9614285.714285715,29.857142857142858,MX
2022,Burkina Faso,6,60500000.0,10083333.333333334,22.833333333333332,BF
2022,Finland,6,9400000.0,1566666.6666666667,25.5,FI
2022,"Korea, South",6,137500000.0,22916666.666666668,26.0,KR
2022,Comoros,5,12150000.0,2430000.0,26.6,KM
2022,Egypt,5,102500000.0,20500000.0,25.6,EG
2022,Guinea-Bissau,5,25400000.0,5080000.0,24.2,GW
2022,Hungary,5,68000000.0,13600000.0,26.4,HU
2022,Paraguay,5,43500000.0,8700000.0,24.4,PY
2022,Venezuela,5,16150000.0,3230000.0,27.8,VE
2022,Canada,4,125000000.0,31250000.0,23.75,CA
2022,Cape Verde,4,2700000.0,675000.0,28.5,CV
2022,Dominican Republic,4,22200000.0,5550000.0,24.75,DO
2022,Gabon,4,21000000.0,7000000.0,27.25,GA
2022,Montenegro,4,19100000.0,4775000.0,31.25,ME
2022,North Macedonia,4,30600000.0,7650000.0,26.5,MK
2022,Northern Ireland,4,11400000.0,3800000.0,24.0,GB
2022,The Gambia,4,19500000.0,4875000.0,27.25,GM
2022,Zambia,4,41100000.0,10275000.0,22.75,ZM
2022,Angola,3,7800000.0,2600000.0,26.666666666666668,AO
2022,Benin,3,10000000.0,3333333.3333333335,28.666666666666668,BJ
2022,Bulgaria,3,4600000.0,1533333.3333333333,22.333333333333332,BG
2022,Congo,3,2250000.0,750000.0,24.0,CG
2022,Equatorial Guinea,3,5900000.0,1966666.6666666667,28.333333333333332,GQ
2022,Georgia,3,86500000.0,28833333.333333332,22.333333333333332,GE
2022,Haiti,3,12150000.0,4050000.0,23.0,HT
2022,Israel,3,27000000.0,9000000.0,26.333333333333332,IL
2022,Luxembourg,3,10300000.0,3433333.3333333335,20.333333333333332,LU
2022,Russia,3,33500000.0,11166666.666666666,28.0,RU
2022,Zimbabwe,3,14000000.0,4666666.666666667,25.0,ZW
2022,Armenia,2,8500000.0,4250000.0,31.0,AM
2022,Costa Rica,2,5700000.0,2850000.0,34.5,CR
2022,Honduras,2,6800000.0,3400000.0,27.5,HN
2022,Iceland,2,1900000.0,950000.0,21.0,IS
2022,Iran,2,14200000.0,7100000.0,28.0,IR
2022,Madagascar,2,2200000.0,1100000.0,25.5,MG
2022,New Zealand,2,12500000.0,6250000.0,26.5,NZ
2022,Peru,2,11000000.0,5500000.0,28.5,PE
2022,Togo,2,17000000.0,8500000.0,29.5,TG
2022,Burundi,1,7000000.0,7000000.0,24.0,BI
2022,Central African Republic,1,20000000.0,20000000.0,29.0,CF
2022,Cyprus,1,1300000.0,1300000.0,24.0,CY
2022,Indonesia,1,6000000.0,6000000.0,25.0,ID
2022,Latvia,1,2500000.0,2500000.0,21.0,LV
2022,Lithuania,1,0.0,,18.0,LT
2022,Malta,1,2500000.0,2500000.0,25.0,MT
2022,Mauritania,1,1800000.0,1800000.0,22.0,MR
2022,Mozambique,1,25000000.0,25000000.0,28.0,MZ
2022,Philippines,1,4500000.0,4500000.0,27.0,PH
2022,Sierra Leone,1,1500000.0,1500000.0,21.0,SL
2022,South Africa,1,1500000.0,1500000.0,26.0,ZA
2022,Suriname,1,15000000.0,15000000.0,27.0,SR
2022,Syria,1,18000000.0,18000000.0,26.0,SY
2022,Uzbekistan,1,7000000.0,7000000.0,27.0,UZ
2023,Spain,385,2868450000.0,7608620.689655173,25.932467532467534,ES
2023,France,282,3225650000.0,12172264.150943397,24.578014184397162,FR
2023,Germany,245,1807375000.0,7530729.166666667,26.05327868852459,DE
2023,Italy,226,1678875000.0,7562500.0,25.623893805309734,IT
2023,England,202,3442150000.0,17743041.2371134,24.68811881188119,GB
2023,Brazil,98,1915050000.0,19541326.530612245,25.714285714285715,BR
2023,Argentina,76,1197875000.0,15761513.157894736,25.61842105263158,AR
2023,Portugal,62,1181700000.0,19695000.0,25.274193548387096,PT
2023,Netherlands,55,1052900000.0,19143636.363636363,25.854545454545455,NL
2023,Belgium,52,766550000.0,14741346.153846154,24.634615384615383,BE
2023,Morocco,52,434650000.0,8870408.163265307,23.26923076923077,MA
2023,Senegal,46,290500000.0,6315217.391304348,24.0,SN
2023,Cote d'Ivoire,44,380200000.0,9052380.952380951,24.09090909090909,CI
2023,Denmark,40,479400000.0,12292307.692307692,24.825,DK
2023,Serbia,39,258300000.0,6797368.421052632,26.28205128205128,RS
2023,Austria,34,353800000.0,10405882.352941176,27.0,AT
2023,Switzerland,34,336500000.0,9897058.823529411,26.558823529411764,CH
2023,Croatia,32,295400000.0,9231250.0,26.875,HR
2023,Poland,30,224200000.0,7473333.333333333,26.433333333333334,PL
2023,Nigeria,28,415000000.0,14821428.57142857,25.071428571428573,NG
2023,Ghana,27,220100000.0,8151851.851851852,25.925925925925927,GH
2023,Uruguay,27,466900000.0,17292592.592592593,25.925925925925927,UY
2023,Cameroon,26,208750000.0,8350000.0,23.73076923076923,CM
2023,Norway,25,428900000.0,18647826.086956523,24.12,NO
2023,United States,25,264900000.0,11037500.0,24.36,US
2023,Mali,24,193150000.0,8047916.666666667,24.583333333333332,ML
2023,Sweden,24,284300000.0,11845833.333333334,24.166666666666668,SE
2023,Colombia,23,227400000.0,9886956.52173913,27.043478260869566,CO
2023,Algeria,22,212400000.0,9654545.454545455,25.545454545454547,DZ
2023,Scotland,21,249200000.0,11866666.666666666,25.61904761904762,GB
2023,Ireland,19,172600000.0,9084210.52631579,23.42105263157895,IE
2023,Japan,17,269350000.0,15844117.647058824,26.823529411764707,JP
2023,Albania,16,96300000.0,6018750.0,26.25,AL
2023,Türkiye,16,170650000.0,10665625.0,23.5625,TR
2023,Czech Republic,15,138500000.0,9233333.333333334,26.6,CZ
2023,Greece,14,71625000.0,5116071.428571428,26.857142857142858,GR
2023,Guinea,14,78600000.0,5614285.714285715,24.5,GN
2023,Ukraine,13,218200000.0,16784615.384615384,25.615384615384617,UA
2023,Wales,13,131000000.0,10076923.076923076,25.76923076923077,GB
2023,DR Congo,11,86300000.0,7845454.545454546,26.90909090909091,CD
2023,Jamaica,10,94300000.0,9430000.0,27.1,JM
2023,Slovakia,10,99800000.0,9980000.0,27.5,SK
2023,Tunisia,10,59500000.0,5950000.0,25.4,TN
2023,Hungary,9,135500000.0,16937500.0,25.88888888888889,HU
2023,Kosovo,9,65300000.0,7255555.555555556,27.22222222222222,XK
2023,Angola,8,32000000.0,4000000.0,26.25,AO
2023,Bosnia-Herzegovina,8,63500000.0,7937500.0,27.5,BA
2023,Mexico,8,66000000.0,8250000.0,29.5,MX
2023,Romania,8,33700000.0,4212500.0,23.625,RO
2023,Canada,6,135700000.0,22616666.666666668,23.166666666666668,CA
2023,Chile,6,25000000.0,4166666.6666666665,30.166666666666668,CL
2023,Gabon,6,19500000.0,3900000.0,26.333333333333332,GA
2023,Guinea-Bissau,6,32850000.0,5475000.0,23.5,GW
2023,"Korea, South",6,160500000.0,26750000.0,27.0,KR
2023,Slovenia,6,87650000.0,14608333.333333334,27.833333333333332,SI
2023,Burkina Faso,5,80900000.0,16180000.0,23.4,BF
2023,Ecuador,5,185800000.0,37160000.0,22.2,EC
2023,Equatorial Guinea,5,6100000.0,1220000.0,26.8,GQ
2023,Georgia,5,121800000.0,24360000.0,21.8,GE
2023,Haiti,5,26500000.0,5300000.0,24.0,HT
2023,Paraguay,5,68500000.0,13700000.0,24.0,PY
2023,Zimbabwe,5,25600000.0,5120000.0,25.4,ZW
2023,Comoros,4,8000000.0,8000000.0,19.75,KM
2023,Egypt,4,93500000.0,23375000.0,28.0,EG
2023,Finland,4,6400000.0,2133333.3333333335,25.0,FI
2023,Israel,4,24000000.0,8000000.0,23.0,IL
2023,Montenegro,4,17000000.0,4250000.0,27.5,ME
2023,Northern Ireland,4,7000000.0,1750000.0,26.25,GB
2023,Russia,4,62500000.0,15625000.0,26.25,RU
2023,Venezuela,4,26300000.0,6575000.0,24.75,VE
2023,Armenia,3,7700000.0,2566666.6666666665,28.0,AM
2023,Cape Verde,3,9300000.0,3100000.0,26.666666666666668,CV
2023,Costa Rica,3,2900000.0,966666.6666666666,30.333333333333332,CR
2023,Dominican Republic,3,10000000.0,3333333.3333333335,25.666666666666668,DO
2023,Iceland,3,25000000.0,8333333.333333333,26.333333333333332,IS
2023,Luxembourg,3,16200000.0,5400000.0,21.333333333333332,LU
2023,Australia,2,7000000.0,3500000.0,22.0,AU
2023,Benin,2,9000000.0,4500000.0,27.0,BJ
2023,Bulgaria,2,6500000.0,3250000.0,23.5,BG
2023,Congo,2,4900000.0,2450000.0,26.5,CG
2023,Cyprus,2,1800000.0,1800000.0,21.5,CY
2023,Iran,2,12000000.0,6000000.0,29.0,IR
2023,Malta,2,8500000.0,4250000.0,28.0,MT
2023,Mozambique,2,17500000.0,8750000.0,27.5,MZ
2023,New Zealand,2,9000000.0,4500000.0,27.5,NZ
2023,North Macedonia,2,28000000.0,14000000.0,27.0,MK
2023,Peru,2,7500000.0,3750000.0,30.5,PE
2023,South Africa,2,14500000.0,7250000.0,25.0,ZA
2023,Suriname,2,13000000.0,6500000.0,29.0,SR
2023,Syria,2,16000000.0,8000000.0,25.0,SY
2023,The Gambia,2,2500000.0,1250000.0,22.0,GM
2023,Togo,2,8000000.0,4000000.0,30.5,TG
2023,Uzbekistan,2,6500000.0,3250000.0,23.5,UZ
2023,Zambia,2,6000000.0,6000000.0,21.0,ZM
2023,Burundi,1,18000000.0,18000000.0,25.0,BI
2023,Central African Republic,1,15000000.0,15000000.0,30.0,CF
2023,Honduras,1,1500000.0,1500000.0,30.0,HN
2023,Indonesia,1,6000000.0,6000000.0,26.0,ID
2023,Jordan,1,6000000.0,6000000.0,26.0,JO
2023,Kenya,1,9000000.0,9000000.0,26.0,KE
2023,Lithuania,1,1000000.0,1000000.0,19.0,LT
2023,Madagascar,1,4000000.0,4000000.0,23.0,MG
2023,Panama,1,3000000.0,3000000.0,27.0,PA
2023,Philippines,1,2000000.0,2000000.0,28.0,PH
2023,Sierra Leone,1,1300000.0,1300000.0,22.0,SL
2024,Spain,396,2980000000.0,8713450.292397661,25.482323232323232,ES
2024,France,296,3188425000.0,12961077.235772358,24.22972972972973,FR
2024,Germany,223,1928050000.0,9497783.251231527,25.89189189189189,DE
2024,England,212,3804975000.0,21256843.575418994,24.787735849056602,GB
2024,Italy,208,1718150000.0,9042894.736842105,25.485576923076923,IT
2024,Brazil,87,1953000000.0,23530120.48192771,25.850574712643677,BR
2024,Argentina,75,1178000000.0,17323529.411764707,25.666666666666668,AR
2024,Portugal,59,1131300000.0,20201785.714285713,25.389830508474578,PT
2024,Netherlands,56,1229950000.0,22362727.272727273,25.875,NL
2024,Cote d'Ivoire,55,383150000.0,8910465.11627907,24.21818181818182,CI
2024,Belgium,51,735800000.0,14716000.0,24.529411764705884,BE
2024,Morocco,51,509600000.0,10842553.191489361,23.568627450980394,MA
2024,Denmark,50,557200000.0,12113043.47826087,25.32,DK
2024,Senegal,40,317600000.0,9341176.470588235,24.15,SN
2024,Sweden,37,381300000.0,10894285.714285715,24.324324324324323,SE
2024,Austria,35,308000000.0,9058823.529411765,26.4,AT
2024,Croatia,35,289550000.0,9048437.5,26.714285714285715,HR
2024,Switzerland,35,310950000.0,9422727.272727273,26.714285714285715,CH
2024,Nigeria,32,374000000.0,13357142.857142856,24.875,NG
2024,Serbia,30,236750000.0,8455357.142857144,26.2,RS
2024,Poland,29,221700000.0,8526923.076923076,26.724137931034484,PL
2024,Mali,25,163050000.0,8581578.94736842,25.36,ML
2024,United States,25,293000000.0,12208333.333333334,23.88,US
2024,Ghana,24,239500000.0,10413043.47826087,26.541666666666668,GH
2024,Cameroon,23,210700000.0,10535000.0,24.130434782608695,CM
2024,Colombia,23,280500000.0,14763157.894736841,26.0,CO
2024,Norway,23,510350000.0,23197727.272727273,25.434782608695652,NO
2024,Japan,22,298400000.0,14209523.80952381,25.863636363636363,JP
2024,Algeria,21,174000000.0,11600000.0,26.047619047619047,DZ
2024,Ireland,20,159100000.0,9358823.529411765,24.9,IE
2024,Scotland,19,202400000.0,11905882.352941176,27.210526315789473,GB
2024,Uruguay,19,431700000.0,23983333.333333332,27.0,UY
2024,Türkiye,16,244300000.0,15268750.0,23.5,TR
2024,Czech Republic,15,137700000.0,9180000.0,25.733333333333334,CZ
2024,Guinea,15,72450000.0,5175000.0,24.266666666666666,GN
2024,Ukraine,13,232500000.0,19375000.0,25.846153846153847,UA
2024,Slovakia,12,82550000.0,6879166.666666667,27.5,SK
2024,Wales,12,116700000.0,11670000.0,26.083333333333332,GB
2024,Romania,11,42500000.0,5312500.0,23.90909090909091,RO
2024,Albania,10,70500000.0,7050000.0,26.6,AL
2024,Canada,10,132500000.0,14722222.222222222,24.2,CA
2024,DR Congo,10,75000000.0,9375000.0,26.6,CD
2024,Greece,10,74500000.0,8277777.777777778,27.0,GR
2024,Hungary,10,141200000.0,15688888.888888888,26.1,HU
2024,Slovenia,10,109700000.0,10970000.0,26.7,SI
2024,"Korea, South",9,146500000.0,20928571.42857143,25.666666666666668,KR
2024,Tunisia,8,20000000.0,3333333.3333333335,26.5,TN
2024,Australia,7,3800000.0,1266666.6666666667,27.857142857142858,AU
2024,Bosnia-Herzegovina,7,47500000.0,7916666.666666667,27.714285714285715,BA
2024,Ecuador,7,201000000.0,33500000.0,23.142857142857142,EC
2024,Georgia,7,155300000.0,25883333.333333332,23.714285714285715,GE
2024,Iceland,7,65300000.0,10883333.333333334,23.0,IS
2024,Kosovo,7,62000000.0,8857142.857142856,27.571428571428573,XK
2024,Angola,6,24300000.0,4050000.0,26.833333333333332,AO
2024,Egypt,6,127100000.0,21183333.333333332,28.833333333333332,EG
2024,Finland,6,13500000.0,2700000.0,29.0,FI
2024,Jamaica,6,78500000.0,13083333.333333334,29.666666666666668,JM
2024,Mexico,6,95200000.0,15866666.666666666,25.5,MX
2024,Paraguay,6,75000000.0,12500000.0,25.333333333333332,PY
2024,Venezuela,6,31200000.0,7800000.0,25.166666666666668,VE
2024,Burkina Faso,5,74500000.0,14900000.0,24.0,BF
2024,Chile,5,23500000.0,4700000.0,27.4,CL
2024,Guinea-Bissau,5,38200000.0,7640000.0,25.6,GW
2024,Gabon,4,14000000.0,4666666.666666667,26.25,GA
2024,Haiti,4,22700000.0,5675000.0,26.0,HT
2024,Russia,4,78000000.0,19500000.0,26.25,RU
2024,Cape Verde,3,16200000.0,8100000.0,23.333333333333332,CV
2024,Congo,3,6500000.0,3250000.0,26.333333333333332,CG
2024,Equatorial Guinea,3,9900000.0,3300000.0,26.333333333333332,GQ
2024,Montenegro,3,13000000.0,4333333.333333333,24.666666666666668,ME
2024,New Zealand,3,9800000.0,3266666.6666666665,26.333333333333332,NZ
2024,North Macedonia,3,27000000.0,9000000.0,27.0,MK
2024,Northern Ireland,3,22150000.0,7383333.333333333,26.0,GB
2024,The Gambia,3,30500000.0,15250000.0,21.0,GM
2024,Zambia,3,7000000.0,3500000.0,23.333333333333332,ZM
2024,Zimbabwe,3,18000000.0,6000000.0,27.0,ZW
2024,Armenia,2,5800000.0,2900000.0,28.0,AM
2024,Benin,2,3000000.0,3000000.0,30.0,BJ
2024,Central African Republic,2,9200000.0,4600000.0,27.5,CF
2024,Dominican Republic,2,10000000.0,5000000.0,24.5,DO
2024,Estonia,2,3000000.0,3000000.0,26.5,EE
2024,Indonesia,2,5000000.0,5000000.0,25.5,ID
2024,Iraq,2,2500000.0,2500000.0,21.0,IQ
2024,Israel,2,4000000.0,2000000.0,21.5,IL
2024,Luxembourg,2,0.0,,22.5,LU
2024,Madagascar,2,3500000.0,3500000.0,25.5,MG
2024,Malta,2,7500000.0,3750000.0,29.0,MT
2024,Peru,2,6000000.0,3000000.0,31.5,PE
2024,Suriname,2,10900000.0,5450000.0,30.0,SR
2024,Togo,2,4800000.0,2400000.0,31.5,TG
2024,Uzbekistan,2,16000000.0,8000000.0,24.5,UZ
2024,Bangladesh,1,4500000.0,4500000.0,27.0,BD
2024,Burundi,1,12000000.0,12000000.0,26.0,BI
2024,Comoros,1,6000000.0,6000000.0,24.0,KM
2024,Costa Rica,1,500000.0,500000.0,35.0,CR
2024,Cyprus,1,1800000.0,1800000.0,26.0,CY
2024,Iran,1,8000000.0,8000000.0,32.0,IR
2024,Jordan,1,6000000.0,6000000.0,27.0,JO
2024,Kenya,1,9000000.0,9000000.0,27.0,KE
2024,Libya,1,11000000.0,11000000.0,28.0,LY
2024,Lithuania,1,4000000.0,4000000.0,20.0,LT
2024,Malaysia,1,0.0,,25.0,MY
2024,Mauritania,1,0.0,,31.0,MR
2024,Moldova,1,0.0,,18.0,MD
2024,Mozambique,1,8000000.0,8000000.0,30.0,MZ
2024,Niger,1,1500000.0,1500000.0,24.0,NE
2024,Panama,1,7000000.0,7000000.0,28.0,PA
2024,Philippines,1,700000.0,700000.0,29.0,PH
2024,Puerto Rico,1,0.0,,21.0,PR
2024,Saudi Arabia,1,4000000.0,4000000.0,25.0,SA
2024,Sierra Leone,1,0.0,,18.0,SL
2024,Syria,1,5000000.0,5000000.0,28.0,SY
2024,United Arab Emirates,1,50000.0,50000.0,19.0,AE
2025,Spain,337,1624600000.0,10549350.649350649,26.08605341246291,ES
2025,France,267,2545750000.0,16748355.263157895,24.55430711610487,FR
2025,Germany,201,1810150000.0,12837943.262411347,25.920398009950247,DE
2025,Italy,176,1291400000.0,12183018.867924528,26.142045454545453,IT
2025,England,164,3180250000.0,25647177.419354837,25.567073170731707,GB
2025,Brazil,84,1102700000.0,23461702.127659574,25.11904761904762,BR
2025,Argentina,76,929000000.0,22119047.61904762,25.82894736842105,AR
2025,Netherlands,73,1038350000.0,20359803.92156863,25.753424657534246,NL
2025,Portugal,57,924050000.0,22537804.87804878,25.385964912280702,PT
2025,Belgium,53,525200000.0,14588888.888888888,25.90566037735849,BE
2025,Denmark,50,377000000.0,11088235.294117646,25.24,DK
2025,Morocco,50,389300000.0,13424137.931034483,24.08,MA
2025,Senegal,48,306050000.0,17002777.777777776,24.083333333333332,SN
2025,Cote d'Ivoire,42,352500000.0,14100000.0,24.976190476190474,CI
2025,Switzerland,41,306300000.0,12252000.0,26.29268292682927,CH
2025,Sweden,34,496250000.0,21576086.95652174,24.61764705882353,SE
2025,Nigeria,30,222500000.0,13088235.294117646,25.633333333333333,NG
2025,Norway,30,482300000.0,26794444.444444444,25.066666666666666,NO
2025,Austria,29,187500000.0,10416666.666666666,27.379310344827587,AT
2025,Croatia,27,271500000.0,13575000.0,26.555555555555557,HR
2025,Ghana,26,198800000.0,14200000.0,25.384615384615383,GH
2025,Serbia,25,196000000.0,19600000.0,26.0,RS
2025,United States,25,292850000.0,18303125.0,24.16,US
2025,Uruguay,24,243200000.0,17371428.57142857,26.666666666666668,UY
2025,Algeria,22,162500000.0,12500000.0,26.272727272727273,DZ
2025,Cameroon,22,130500000.0,11863636.363636363,24.40909090909091,CM
2025,Japan,22,200800000.0,13386666.666666666,25.90909090909091,JP
2025,Poland,22,95500000.0,8681818.181818182,26.681818181818183,PL
2025,Mali,19,25050000.0,5010000.0,24.105263157894736,ML
2025,Türkiye,19,244700000.0,16313333.333333334,24.157894736842106,TR
2025,Colombia,17,159800000.0,15980000.0,28.058823529411764,CO
2025,Scotland,17,139450000.0,12677272.727272727,26.352941176470587,GB
2025,DR Congo,14,51900000.0,6487500.0,27.214285714285715,CD
2025,Czech Republic,13,96700000.0,13814285.714285715,25.46153846153846,CZ
2025,Ukraine,12,165400000.0,20675000.0,25.333333333333332,UA
2025,Bosnia-Herzegovina,11,31800000.0,5300000.0,27.818181818181817,BA
2025,Greece,11,83500000.0,11928571.42857143,26.181818181818183,GR
2025,Kosovo,11,50500000.0,8416666.666666666,27.0,XK
2025,Ireland,10,72100000.0,10300000.0,26.5,IE
2025,Wales,10,32000000.0,16000000.0,27.4,GB
2025,Albania,9,28000000.0,5600000.0,27.555555555555557,AL
2025,Canada,9,112800000.0,18800000.0,25.11111111111111,CA
2025,Georgia,9,151700000.0,30340000.0,25.444444444444443,GE
2025,Slovakia,9,72250000.0,10321428.57142857,27.666666666666668,SK
2025,Chile,8,14900000.0,3725000.0,26.5,CL
2025,Ecuador,8,251000000.0,50200000.0,21.875,EC
2025,Guinea,8,53800000.0,13450000.0,25.25,GN
2025,Hungary,8,145100000.0,20728571.42857143,26.75,HU
2025,"Korea, South",8,69500000.0,9928571.42857143,26.625,KR
2025,Iceland,7,37500000.0,12500000.0,23.571428571428573,IS
2025,Romania,7,27500000.0,6875000.0,26.714285714285715,RO
2025,Angola,6,17200000.0,5733333.333333333,27.833333333333332,AO
2025,Burkina Faso,6,78000000.0,19500000.0,24.833333333333332,BF
2025,Mexico,6,4000000.0,4000000.0,25.833333333333332,MX
2025,Tunisia,6,17500000.0,4375000.0,27.166666666666668,TN
2025,Australia,5,2000000.0,2000000.0,27.0,AU
2025,Finland,5,5800000.0,1933333.3333333333,27.4,FI
2025,Northern Ireland,5,38000000.0,19000000.0,22.8,GB
2025,The Gambia,5,40000000.0,40000000.0,22.4,GM
2025,Venezuela,5,16000000.0,8000000.0,26.0,VE
2025,Egypt,4,99000000.0,33000000.0,27.5,EG
2025,Gabon,4,0.0,,27.5,GA
2025,Guinea-Bissau,4,29000000.0,7250000.0,26.75,GW
2025,Haiti,4,21500000.0,10750000.0,26.25,HT
2025,Indonesia,4,11200000.0,3733333.3333333335,27.5,ID
2025,Montenegro,4,8000000.0,8000000.0,24.0,ME
2025,Paraguay,4,57000000.0,19000000.0,25.25,PY
2025,Slovenia,4,41000000.0,13666666.666666666,26.75,SI
2025,Togo,4,2400000.0,1200000.0,27.25,TG
2025,Dominican Republic,3,8000000.0,8000000.0,29.666666666666668,DO
2025,Israel,3,5750000.0,2875000.0,24.0,IL
2025,Jamaica,3,37000000.0,12333333.333333334,29.333333333333332,JM
2025,Libya,3,7000000.0,7000000.0,27.0,LY
2025,Mauritania,3,0.0,,24.0,MR
2025,North Macedonia,3,4500000.0,2250000.0,28.0,MK
2025,Russia,3,33000000.0,16500000.0,25.666666666666668,RU
2025,Zimbabwe,3,4500000.0,2250000.0,25.666666666666668,ZW
2025,Armenia,2,4500000.0,2250000.0,29.0,AM
2025,Benin,2,0.0,,25.0,BJ
2025,Bulgaria,2,2500000.0,2500000.0,22.5,BG
2025,Central African Republic,2,7500000.0,3750000.0,28.5,CF
2025,Equatorial Guinea,2,800000.0,800000.0,29.0,GQ
2025,Estonia,2,3000000.0,3000000.0,27.5,EE
2025,Luxembourg,2,0.0,,24.0,LU
2025,Niger,2,1500000.0,1500000.0,24.0,NE
2025,Peru,2,4000000.0,4000000.0,21.5,PE
2025,Suriname,2,0.0,,28.0,SR
2025,Zambia,2,3000000.0,3000000.0,21.5,ZM
2025,Burundi,1,8000000.0,8000000.0,27.0,BI
2025,Cape Verde,1,18000000.0,18000000.0,24.0,CV
2025,Comoros,1,3000000.0,3000000.0,25.0,KM
2025,Cyprus,1,0.0,,27.0,CY
2025,Faroe Islands,1,0.0,,25.0,FO
2025,Honduras,1,0.0,,27.0,HN
2025,Jordan,1,6000000.0,6000000.0,28.0,JO
2025,Latvia,1,0.0,,23.0,LV
2025,Lithuania,1,5500000.0,5500000.0,21.0,LT
2025,Madagascar,1,50000.0,50000.0,21.0,MG
2025,Malaysia,1,0.0,,26.0,MY
2025,Mozambique,1,5000000.0,5000000.0,31.0,MZ
2025,New Zealand,1,8000000.0,8000000.0,34.0,NZ
2025,Panama,1,10000000.0,10000000.0,29.0,PA
2025,Saudi Arabia,1,3000000.0,3000000.0,26.0,SA
2025,Sierra Leone,1,0.0,,19.0,SL
2025,South Africa,1,0.0,,25.0,ZA
2025,Syria,1,2000000.0,2000000.0,29.0,SY
2025,Tanzania,1,0.0,,33.0,TZ
2025,Thailand,1,0.0,,19.0,TH
2025,Trinidad and Tobago,1,0.0,,19.0,TT
2025,Uzbekistan,1,35000000.0,35000000.0,21.0,UZ
